Date,Value
2016-01-01,-0.3
2016-01-04,-0.485
2016-01-05,-0.505
2016-01-06,-0.505
2016-01-07,-0.505
2016-01-08,-0.2125
2016-01-11,0.03
2016-01-12,0.0725
2016-01-13,0.0275
2016-01-14,0.265
2016-01-15,0.985
2016-01-18,1.39
2016-01-19,1.5875
2016-01-20,2.44
2016-01-21,2.46
2016-01-22,2.2175
2016-01-25,2.2625
2016-01-26,2.2675
2016-01-27,2.2225
2016-01-28,2.225
2016-01-29,2.14
2016-02-01,2.12
2016-02-02,2.05
2016-02-03,2.095
2016-02-04,2.125
2016-02-05,2.065
2016-02-08,2.1
2016-02-09,2.105
2016-02-10,2.1
2016-02-11,2.105
2016-02-12,2.15
2016-02-15,2.08
2016-02-16,2.085
2016-02-17,2.085
2016-02-18,2.075
2016-02-19,2.075
2016-02-22,1.9275
2016-02-23,1.9625
2016-02-24,1.8575
2016-02-25,1.76
2016-02-26,1.545
2016-02-29,1.505
2016-03-01,1.435
2016-03-02,1.46
2016-03-03,1.5425
2016-03-04,1.3825
2016-03-07,1.575
2016-03-08,1.38
2016-03-09,1.4925
2016-03-10,1.4925
2016-03-11,1.2275
2016-03-14,1.2025
2016-03-15,1.0925
2016-03-16,1.1425
2016-03-17,1.0525
2016-03-18,0.77
2016-03-21,0.8675
2016-03-22,0.7925
2016-03-23,0.7175
2016-03-24,0.9175
2016-03-25,0.9125
2016-03-28,0.8975
2016-03-29,0.9175
2016-03-30,0.7875
2016-03-31,0.6875
2016-04-01,0.6825
2016-04-04,0.6725
2016-04-05,0.705
2016-04-06,0.7075
2016-04-07,0.7075
2016-04-08,0.6975
2016-04-11,0.6975
2016-04-12,0.6975
2016-04-13,0.7025
2016-04-14,0.7025
2016-04-15,0.695
2016-04-18,0.6975
2016-04-19,0.6725
2016-04-20,0.6675
2016-04-21,0.5975
2016-04-22,0.6175
2016-04-25,0.59
2016-04-26,0.5375
2016-04-27,0.505
2016-04-28,0.4875
2016-04-29,0.48
2016-05-02,0.5075
2016-05-03,0.4975
2016-05-04,0.4775
2016-05-05,0.49
2016-05-06,0.515
2016-05-09,0.505
2016-05-10,0.5
2016-05-11,0.505
2016-05-12,0.4725
2016-05-13,0.495
2016-05-16,0.485
2016-05-17,0.53
2016-05-18,0.7525
2016-05-19,0.785
2016-05-20,0.81
2016-05-23,0.795
2016-05-24,0.74
2016-05-25,0.695
2016-05-26,0.6675
2016-05-27,0.6375
2016-05-30,0.645
2016-05-31,0.5175
2016-06-01,0.5175
2016-06-02,0.4975
2016-06-03,0.4975
2016-06-06,0.5
2016-06-07,0.4825
2016-06-08,0.5175
2016-06-09,0.4575
2016-06-10,0.4125
2016-06-13,0.4125
2016-06-14,0.405
2016-06-15,0.4
2016-06-16,0.3675
2016-06-17,0.3725
2016-06-20,0.335
2016-06-21,0.2125
2016-06-22,0.095
2016-06-23,0.105
2016-06-24,0.0675
2016-06-27,0.0575
2016-06-28,0.12
2016-06-29,0.08
2016-06-30,0.1
2016-07-01,0.1
2016-07-04,0.1325
2016-07-05,0.095
2016-07-06,0.09
2016-07-07,0.09
2016-07-08,0.09
2016-07-11,0.125
2016-07-12,0.1
2016-07-13,0.08
2016-07-14,0.08
2016-07-15,0.025
2016-07-18,0.03
2016-07-19,-0.18
2016-07-20,-0.18
2016-07-21,-0.18
2016-07-22,-0.22
2016-07-25,-0.22
2016-07-26,-0.215
2016-07-27,-0.22
2016-07-28,-0.22
2016-07-29,-0.25
2016-08-01,-0.25
2016-08-02,-0.25
2016-08-03,-0.2275
2016-08-04,-0.25
2016-08-05,-0.23
2016-08-08,-0.25
2016-08-09,-0.25
2016-08-10,-0.335
2016-08-11,-0.29
2016-08-12,-0.445
2016-08-15,-0.435
2016-08-16,-0.545
2016-08-17,-0.585
2016-08-18,-0.765
2016-08-19,-0.77
2016-08-22,-0.67
2016-08-23,-0.755
2016-08-24,-0.725
2016-08-25,-0.775
2016-08-26,-0.77
2016-08-29,-0.77
2016-08-30,-0.835
2016-08-31,-0.55
2016-09-01,-0.895
2016-09-02,-0.79
2016-09-05,-0.98
2016-09-06,-0.97
2016-09-07,-0.905
2016-09-08,-0.895
2016-09-09,-0.885
2016-09-12,-0.9
2016-09-13,-0.895
2016-09-14,-0.885
2016-09-15,-0.895
2016-09-16,-0.9
2016-09-19,-0.89
2016-09-20,-0.895
2016-09-21,-0.7975
2016-09-22,-0.905
2016-09-23,-0.895
2016-09-26,-0.905
2016-09-27,-0.875
2016-09-28,-0.795
2016-09-29,-0.89
2016-09-30,-0.865
2016-10-03,-0.885
2016-10-04,-0.88
2016-10-05,-0.885
2016-10-06,-0.88
2016-10-07,-0.885
2016-10-10,-0.89
2016-10-11,-0.89
2016-10-12,-0.89
2016-10-13,-0.895
2016-10-14,-0.885
2016-10-17,-0.885
2016-10-18,-0.9
2016-10-19,-0.9
2016-10-20,-0.885
2016-10-21,-0.905
2016-10-24,-0.925
2016-10-25,-0.935
2016-10-26,-0.94
2016-10-27,-0.975
2016-10-28,-1.015
2016-10-31,-0.965
2016-11-01,-1.02
2016-11-02,-1.055
2016-11-03,-0.99
2016-11-04,-1.055
2016-11-07,-1.055
2016-11-08,-1.05
2016-11-09,-1.045
2016-11-10,-1.045
2016-11-11,-1.02
2016-11-14,-0.96
2016-11-15,-0.885
2016-11-16,-0.78
2016-11-17,-0.645
2016-11-18,-0.57
2016-11-21,-0.5575
2016-11-22,-0.5725
2016-11-23,-0.6825
2016-11-24,-0.685
2016-11-25,-0.685
2016-11-28,-0.685
2016-11-29,-0.6825
2016-11-30,-0.6925
2016-12-01,-0.6925
2016-12-02,-0.6925
2016-12-05,-0.6925
2016-12-06,-0.695
2016-12-07,-0.6925
2016-12-08,-0.6925
2016-12-09,-0.6125
2016-12-12,-0.0625
2016-12-13,-0.06
2016-12-14,-0.0625
2016-12-15,0.2775
2016-12-16,0.355
2016-12-19,0.555
2016-12-20,0.72
2016-12-21,0.65
2016-12-22,0.645
2016-12-23,0.655
2016-12-26,0.65
2016-12-27,0.635
2016-12-28,0.55
2016-12-29,0.545
2016-12-30,0.455
2017-01-02,0.47
2017-01-03,0.18
2017-01-04,0.09
2017-01-05,0.0575
2017-01-06,0.0225
2017-01-09,0.0825
2017-01-10,-0.1325
2017-01-11,-0.1575
2017-01-12,-0.1375
2017-01-13,-0.1225
2017-01-16,-0.15
2017-01-17,-0.14
2017-01-18,-0.16
2017-01-19,-0.2075
2017-01-20,-0.24
2017-01-23,-0.22
2017-01-24,-0.22
2017-01-25,-0.515
2017-01-26,-0.525
2017-01-27,-0.515
2017-01-30,-0.55
2017-01-31,-0.55
2017-02-01,-0.555
2017-02-02,-0.56
2017-02-03,-0.555
2017-02-06,-0.565
2017-02-07,-0.43
2017-02-08,-0.54
2017-02-09,-0.545
2017-02-10,-0.535
2017-02-13,-0.495
2017-02-14,-0.49
2017-02-15,-0.49
2017-02-16,-0.42
2017-02-17,-0.46
2017-02-20,-0.465
2017-02-21,-0.455
2017-02-22,-0.465
2017-02-23,-0.495
2017-02-24,-0.485
2017-02-27,-0.42
2017-02-28,-0.495
2017-03-01,-0.495
2017-03-02,-0.485
2017-03-03,-0.415
2017-03-06,-0.52
2017-03-07,-0.51
2017-03-08,-0.53
2017-03-09,-0.57
2017-03-10,-0.535
2017-03-13,-0.56
2017-03-14,-0.64
2017-03-15,-0.62
2017-03-16,-0.6
2017-03-17,-0.635
2017-03-20,-0.51
2017-03-21,-0.69
2017-03-22,-0.675
2017-03-23,-0.71
2017-03-24,-0.755
2017-03-27,-0.705
2017-03-28,-0.71
2017-03-29,-0.72
2017-03-30,-0.715
2017-03-31,-0.6725
2017-04-03,-0.7625
2017-04-04,-0.7575
2017-04-05,-0.7875
2017-04-06,-0.75
2017-04-07,-0.67
2017-04-10,-0.7
2017-04-11,-0.7
2017-04-12,-0.71
2017-04-13,-0.67
2017-04-14,-0.69
2017-04-17,-0.705
2017-04-18,-0.69
2017-04-19,-0.67
2017-04-20,-0.67
2017-04-21,-0.625
2017-04-24,-0.65
2017-04-25,-0.775
2017-04-26,-0.8
2017-04-27,-0.795
2017-04-28,-0.675
2017-05-01,-0.665
2017-05-02,-0.66
2017-05-03,-0.755
2017-05-04,-0.655
2017-05-05,-0.745
2017-05-08,-0.76
2017-05-09,-0.74
2017-05-10,-0.755
2017-05-11,-0.76
2017-05-12,-0.7
2017-05-15,-0.74
2017-05-16,-0.725
2017-05-17,-0.725
2017-05-18,-0.695
2017-05-19,-0.68
2017-05-22,-0.67
2017-05-23,-0.795
2017-05-24,-0.75
2017-05-25,-0.775
2017-05-26,-0.805
2017-05-29,-0.78
2017-05-30,-0.775
2017-05-31,-0.775
2017-06-01,-0.775
2017-06-02,-0.8
2017-06-05,-0.81
2017-06-06,-0.895
2017-06-07,-0.895
2017-06-08,-0.795
2017-06-09,-0.795
2017-06-12,-0.775
2017-06-13,-0.78
2017-06-14,-0.75
2017-06-15,-0.73
2017-06-16,-0.75
2017-06-19,-0.77
2017-06-20,-0.73
2017-06-21,-0.745
2017-06-22,-0.735
2017-06-23,-0.725
2017-06-26,-0.71
2017-06-27,-0.71
2017-06-28,-0.71
2017-06-29,-0.69
2017-06-30,-0.695
2017-07-03,-0.475
2017-07-04,-0.4775
2017-07-05,-0.475
2017-07-06,-0.39
2017-07-07,-0.415
2017-07-10,-0.3975
2017-07-11,-0.3975
2017-07-12,-0.3825
2017-07-13,-0.3825
2017-07-14,-0.3825
2017-07-17,-0.3825
2017-07-18,-0.41
2017-07-19,-0.41
2017-07-20,-0.42
2017-07-21,-0.4175
2017-07-24,-0.39
2017-07-25,-0.415
2017-07-26,-0.395
2017-07-27,-0.4175
2017-07-28,-0.415
2017-07-31,-0.415
2017-08-01,-0.415
2017-08-02,-0.39
2017-08-03,-0.3875
2017-08-04,-0.38
2017-08-07,-0.415
2017-08-08,-0.435
2017-08-09,-0.425
2017-08-10,-0.43
2017-08-11,-0.42
2017-08-14,-0.44
2017-08-15,-0.45
2017-08-16,-0.45
2017-08-17,-0.44
2017-08-18,-0.435
2017-08-21,-0.415
2017-08-22,-0.42
2017-08-23,-0.43
2017-08-24,-0.42
2017-08-25,-0.43
2017-08-28,-0.415
2017-08-29,-0.42
2017-08-30,-0.375
2017-08-31,-0.38
2017-09-01,-0.38
2017-09-04,-0.38
2017-09-05,-0.38
2017-09-06,-0.38
2017-09-07,-0.395
2017-09-08,-0.425
2017-09-11,-0.43
2017-09-12,-0.43
2017-09-13,-0.465
2017-09-14,-0.465
2017-09-15,-0.46
2017-09-18,-0.465
2017-09-19,-0.465
2017-09-20,-0.465
2017-09-21,-0.505
2017-09-22,-0.515
2017-09-25,-0.505
2017-09-26,-0.51
2017-09-27,-0.53
2017-09-28,-0.535
2017-09-29,-0.525
2017-10-02,-0.535
2017-10-03,-0.53
2017-10-04,-0.5325
2017-10-05,-0.5675
2017-10-06,-0.61
2017-10-09,-0.61
2017-10-10,-0.615
2017-10-11,-0.615
2017-10-12,-0.61
2017-10-13,-0.615
2017-10-16,-0.615
2017-10-17,-0.61
2017-10-18,-0.59
2017-10-19,-0.6
2017-10-20,-0.595
2017-10-23,-0.6
2017-10-24,-0.575
2017-10-25,-0.575
2017-10-26,-0.58
2017-10-27,-0.575
2017-10-30,-0.58
2017-10-31,-0.57
2017-11-01,-0.505
2017-11-02,-0.5
2017-11-03,-0.505
2017-11-06,-0.5
2017-11-07,-0.48
2017-11-08,-0.475
2017-11-09,-0.47
2017-11-10,-0.495
2017-11-13,-0.485
2017-11-14,-0.485
2017-11-15,-0.485
2017-11-16,-0.48
2017-11-17,-0.485
2017-11-20,-0.485
2017-11-21,-0.485
2017-11-22,-0.47
2017-11-23,-0.485
2017-11-24,-0.47
2017-11-27,-0.45
2017-11-28,-0.45
2017-11-29,-0.45
2017-11-30,-0.445
2017-12-01,-0.445
2017-12-04,-0.445
2017-12-05,-0.45
2017-12-06,-0.45
2017-12-07,-0.455
2017-12-08,-0.455
2017-12-11,-0.45
2017-12-12,-0.45
2017-12-13,-0.45
2017-12-14,-0.455
2017-12-15,-0.455
2017-12-18,-0.45
2017-12-19,-0.425
2017-12-20,-0.425
2017-12-21,-0.35
2017-12-22,-0.36
2017-12-25,-0.345
2017-12-26,-0.355
2017-12-27,-0.22
2017-12-28,-0.23
2017-12-29,-0.23
2018-01-01,-0.235
2018-01-02,-0.225
2018-01-03,-0.235
2018-01-04,-0.24
2018-01-05,-0.235
2018-01-08,-0.25
2018-01-09,-0.22
2018-01-10,-0.215
2018-01-11,-0.215
2018-01-12,-0.215
2018-01-15,-0.215
2018-01-16,-0.225
2018-01-17,-0.215
2018-01-18,-0.21
2018-01-19,-0.215
2018-01-22,-0.225
2018-01-23,-0.25
2018-01-24,-0.245
2018-01-25,-0.245
2018-01-26,-0.245
2018-01-29,-0.245
2018-01-30,-0.275
2018-01-31,-0.275
2018-02-01,-0.275
2018-02-02,-0.275
2018-02-05,-0.275
2018-02-06,-0.275
2018-02-07,-0.275
2018-02-08,-0.275
2018-02-09,-0.275
2018-02-12,-0.275
2018-02-13,-0.27
2018-02-14,-0.38
2018-02-15,-0.385
2018-02-16,-0.385
2018-02-19,-0.39
2018-02-20,-0.385
2018-02-21,-0.48
2018-02-22,-0.55
2018-02-23,-0.54
2018-02-26,-0.55
2018-02-27,-0.6
2018-02-28,-0.6075
2018-03-01,-0.605
2018-03-02,-0.605
2018-03-05,-0.555
2018-03-06,-0.455
2018-03-07,-0.455
2018-03-08,-0.33
2018-03-09,-0.24
2018-03-12,-0.2
2018-03-13,-0.2
2018-03-14,-0.235
2018-03-15,-0.2325
2018-03-16,-0.2375
2018-03-19,-0.2375
2018-03-20,-0.2475
2018-03-21,-0.2525
2018-03-22,-0.15
2018-03-23,-0.335
2018-03-26,-0.295
2018-03-27,-0.34
2018-03-28,-0.37
2018-03-29,-0.4525
2018-03-30,-0.46
2018-04-02,-0.45
2018-04-03,-0.4525
2018-04-04,-0.4525
2018-04-05,-0.4525
2018-04-06,-0.4525
2018-04-09,-0.4525
2018-04-10,-0.4525
2018-04-11,-0.4575
2018-04-12,-0.44
2018-04-13,-0.46
2018-04-16,-0.455
2018-04-17,-0.4575
2018-04-18,-0.4525
2018-04-19,-0.4725
2018-04-20,-0.4675
2018-04-23,-0.4625
2018-04-24,-0.465
2018-04-25,-0.4675
2018-04-26,-0.4675
2018-04-27,-0.4675
2018-04-30,-0.46
2018-05-01,-0.4625
2018-05-02,-0.4575
2018-05-03,-0.455
2018-05-04,-0.4575
2018-05-07,-0.455
2018-05-08,-0.4575
2018-05-09,-0.4525
2018-05-10,-0.4575
2018-05-11,-0.4575
2018-05-14,-0.4475
2018-05-15,-0.4575
2018-05-16,-0.4475
2018-05-17,-0.445
2018-05-18,-0.445
2018-05-21,-0.445
2018-05-22,-0.44
2018-05-23,-0.4425
2018-05-24,-0.44
2018-05-25,-0.4375
2018-05-28,-0.4475
2018-05-29,-0.45
2018-05-30,-0.455
2018-05-31,-0.4825
2018-06-01,-0.4825
2018-06-04,-0.4825
2018-06-05,-0.4875
2018-06-06,-0.485
2018-06-07,-0.4825
2018-06-08,-0.4825
2018-06-11,-0.49
2018-06-12,-0.485
2018-06-13,-0.4825
2018-06-14,-0.4825
2018-06-15,-0.4825
2018-06-18,-0.4825
2018-06-19,-0.4825
2018-06-20,-0.4825
2018-06-21,-0.485
2018-06-22,-0.4875
2018-06-25,-0.485
2018-06-26,-0.4875
2018-06-27,-0.4875
2018-06-28,-0.485
2018-06-29,-0.49
2018-07-02,-0.485
2018-07-03,-0.4875
2018-07-04,-0.48
2018-07-05,-0.4825
2018-07-06,-0.4875
2018-07-09,-0.4825
2018-07-10,-0.485
2018-07-11,-0.48
2018-07-12,-0.4675
2018-07-13,-0.4625
2018-07-16,-0.4725
2018-07-17,-0.445
2018-07-18,-0.4475
2018-07-19,-0.45
2018-07-20,-0.4525
2018-07-23,-0.4475
2018-07-24,-0.4525
2018-07-25,-0.4225
2018-07-26,-0.4225
2018-07-27,-0.42
2018-07-30,-0.43
2018-07-31,-0.4425
2018-08-01,-0.4425
2018-08-02,-0.4425
2018-08-03,-0.445
2018-08-06,-0.445
2018-08-07,-0.445
2018-08-08,-0.45
2018-08-09,-0.4475
2018-08-10,-0.44
2018-08-13,-0.44
2018-08-14,-0.445
2018-08-15,-0.445
2018-08-16,-0.4425
2018-08-17,-0.44
2018-08-20,-0.4375
2018-08-21,-0.4375
2018-08-22,-0.4325
2018-08-23,-0.3975
2018-08-24,-0.3925
2018-08-27,-0.3925
2018-08-28,-0.3975
2018-08-29,-0.4225
2018-08-30,-0.4225
2018-08-31,-0.425
2018-09-03,-0.4175
2018-09-04,-0.4225
2018-09-05,-0.4225
2018-09-06,-0.42
2018-09-07,-0.42
2018-09-10,-0.4075
2018-09-11,-0.4075
2018-09-12,-0.4075
2018-09-13,-0.405
2018-09-14,-0.405
2018-09-17,-0.4
2018-09-18,-0.405
2018-09-19,-0.405
2018-09-20,-0.39
2018-09-21,-0.45
2018-09-24,-0.465
2018-09-25,-0.4625
2018-09-26,-0.4425
2018-09-27,-0.43
2018-09-28,-0.4325
2018-10-01,-0.4325
2018-10-02,-0.4375
2018-10-03,-0.4375
2018-10-04,-0.4425
2018-10-05,-0.4225
2018-10-08,-0.4125
2018-10-09,-0.4225
2018-10-10,-0.4125
2018-10-11,-0.415
2018-10-12,-0.4125
2018-10-15,-0.415
2018-10-16,-0.435
2018-10-17,-0.4325
2018-10-18,-0.435
2018-10-19,-0.4375
2018-10-22,-0.4375
2018-10-23,-0.435
2018-10-24,-0.4375
2018-10-25,-0.4325
2018-10-26,-0.435
2018-10-29,-0.4375
2018-10-30,-0.4325
2018-10-31,-0.4275
2018-11-01,-0.4375
2018-11-02,-0.4775
2018-11-05,-0.4775
2018-11-06,-0.4725
2018-11-07,-0.4925
2018-11-08,-0.4875
2018-11-09,-0.4825
2018-11-12,-0.4775
2018-11-13,-0.4725
2018-11-14,-0.4625
2018-11-15,-0.4975
2018-11-16,-0.4925
2018-11-19,-0.495
2018-11-20,-0.4975
2018-11-21,-0.4975
2018-11-22,-0.505
2018-11-23,-0.5075
2018-11-26,-0.5075
2018-11-27,-0.5075
2018-11-28,-0.5075
2018-11-29,-0.51
2018-11-30,-0.5125
2018-12-03,-0.505
2018-12-04,-0.56
2018-12-05,-0.595
2018-12-06,-0.595
2018-12-07,-0.59
2018-12-10,-0.585
2018-12-11,-0.585
2018-12-12,-0.535
2018-12-13,-0.535
2018-12-14,-0.5025
2018-12-17,-0.52
2018-12-18,-0.515
2018-12-19,-0.51
2018-12-20,-0.5075
2018-12-21,-0.51
2018-12-24,-0.5075
2018-12-25,-0.5075
2018-12-26,-0.5025
2018-12-27,-0.495
2018-12-28,-0.5
2018-12-31,-0.495
2019-01-01,-0.5
2019-01-02,-0.495
2019-01-03,-0.515
2019-01-04,-0.515
2019-01-07,-0.505
2019-01-08,-0.49
2019-01-09,-0.495
2019-01-10,-0.49
2019-01-11,-0.5
2019-01-14,-0.4875
2019-01-15,-0.4975
2019-01-16,-0.4925
2019-01-17,-0.485
2019-01-18,-0.4975
2019-01-21,-0.495
2019-01-22,-0.485
2019-01-23,-0.4875
2019-01-24,-0.5
2019-01-25,-0.505
2019-01-28,-0.495
2019-01-29,-0.4975
2019-01-30,-0.505
2019-01-31,-0.51
2019-02-01,-0.5075
2019-02-04,-0.5025
2019-02-05,-0.5075
2019-02-06,-0.5025
2019-02-07,-0.51
2019-02-08,-0.505
2019-02-11,-0.505
2019-02-12,-0.53
2019-02-13,-0.54
2019-02-14,-0.535
2019-02-15,-0.53
2019-02-18,-0.5325
2019-02-19,-0.535
2019-02-20,-0.53
2019-02-21,-0.535
2019-02-22,-0.54
2019-02-25,-0.5425
2019-02-26,-0.54
2019-02-27,-0.5375
2019-02-28,-0.535
2019-03-01,-0.5275
2019-03-04,-0.525
2019-03-05,-0.5225
2019-03-06,-0.53
2019-03-07,-0.525
2019-03-08,-0.52
2019-03-11,-0.52
2019-03-12,-0.52
2019-03-13,-0.51
2019-03-14,-0.505
2019-03-15,-0.505
2019-03-18,-0.505
2019-03-19,-0.505
2019-03-20,-0.5
2019-03-21,-0.505
2019-03-22,-0.5025
2019-03-25,-0.505
2019-03-26,-0.505
2019-03-27,-0.505
2019-03-28,-0.505
2019-03-29,-0.5
2019-04-01,-0.5
2019-04-02,-0.5
2019-04-03,-0.5
2019-04-04,-0.4975
2019-04-05,-0.5025
2019-04-08,-0.4975
2019-04-09,-0.5
2019-04-10,-0.52
2019-04-11,-0.5
2019-04-12,-0.5
2019-04-15,-0.5
2019-04-16,-0.495
2019-04-17,-0.495
2019-04-18,-0.495
2019-04-19,-0.4925
2019-04-22,-0.495
2019-04-23,-0.4925
2019-04-24,-0.4975
2019-04-25,-0.49
2019-04-26,-0.4925
2019-04-29,-0.4575
2019-04-30,-0.4475
2019-05-01,-0.45
2019-05-02,-0.455
2019-05-03,-0.43
2019-05-06,-0.4275
2019-05-07,-0.425
2019-05-08,-0.4175
2019-05-09,-0.4225
2019-05-10,-0.415
2019-05-13,-0.4
2019-05-14,-0.3575
2019-05-15,-0.345
2019-05-16,-0.23
2019-05-17,-0.235
2019-05-20,-0.225
2019-05-21,-0.185
2019-05-22,-0.13
2019-05-23,0.045
2019-05-24,0.01
2019-05-27,0.01
2019-05-28,0.0225
2019-05-29,0.195
2019-05-30,0.4025
2019-05-31,0.5175
2019-06-03,0.56
2019-06-04,0.41
2019-06-05,0.505
2019-06-06,0.51
2019-06-07,0.475
2019-06-10,0.555
2019-06-11,0.52
2019-06-12,0.3175
2019-06-13,0.305
2019-06-14,0.4275
2019-06-17,0.3975
2019-06-18,0.385
2019-06-19,0.4225
2019-06-20,0.3425
2019-06-21,0.32
2019-06-24,0.3275
2019-06-25,0.33
2019-06-26,0.33
2019-06-27,0.35
2019-06-28,0.35
2019-07-01,0.3
2019-07-02,0.235
2019-07-03,0.2375
2019-07-04,0.3
2019-07-05,0.2625
2019-07-08,0.27
2019-07-09,0.26
2019-07-10,0.26
2019-07-11,0.245
2019-07-12,0.245
2019-07-15,0.2475
2019-07-16,0.25
2019-07-17,0.265
2019-07-18,0.26
2019-07-19,0.25
2019-07-22,0.24
2019-07-23,0.24
2019-07-24,0.27
2019-07-25,0.27
2019-07-26,0.2725
2019-07-29,0.2825
2019-07-30,0.2775
2019-07-31,0.2775
2019-08-01,0.2775
2019-08-02,0.2825
2019-08-05,0.5025
2019-08-06,0.4975
2019-08-07,0.6775
2019-08-08,1.02
2019-08-09,1.1025
2019-08-12,1.125
2019-08-13,1.4925
2019-08-14,1.5775
2019-08-15,1.6
2019-08-16,1.5
2019-08-19,1.7825
2019-08-20,1.82
2019-08-21,1.715
2019-08-22,1.785
2019-08-23,1.355
2019-08-26,1.4675
2019-08-27,1.3875
2019-08-28,1.2975
2019-08-29,1.7
2019-08-30,1.6975
2019-09-02,1.76
2019-09-03,1.6125
2019-09-04,1.395
2019-09-05,1.3075
2019-09-06,1.2875
2019-09-09,1.095
2019-09-10,1.35
2019-09-11,1.245
2019-09-12,1.205
2019-09-13,1.425
2019-09-16,1.4275
2019-09-17,1.4175
2019-09-18,1.4175
2019-09-19,1.4175
2019-09-20,1.415
2019-09-23,1.35
2019-09-24,1.35
2019-09-25,1.35
2019-09-26,1.335
2019-09-27,1.34
2019-09-30,1.285
2019-10-01,1.29
2019-10-02,1.285
2019-10-03,1.26
2019-10-04,1.255
2019-10-07,1.285
2019-10-08,1.345
2019-10-09,1.38
2019-10-10,1.38
2019-10-11,1.375
2019-10-14,1.305
2019-10-15,1.08
2019-10-16,1.16
2019-10-17,1.15
2019-10-18,1.16
2019-10-21,1.22
2019-10-22,1.0075
2019-10-23,1.0225
2019-10-24,1.0075
2019-10-25,1.0075
2019-10-28,0.8975
2019-10-29,0.9775
2019-10-30,0.9275
2019-10-31,0.895
2019-11-01,0.8425
2019-11-04,0.8525
2019-11-05,0.8325
2019-11-06,0.7175
2019-11-07,0.82
2019-11-08,0.8075
2019-11-11,0.945
2019-11-12,0.74
2019-11-13,1.1175
2019-11-14,1.3375
2019-11-15,1.3175
2019-11-18,1.375
2019-11-19,1.26
2019-11-20,1.335
2019-11-21,1.3125
2019-11-22,1.3325
2019-11-25,1.275
2019-11-26,1.27
2019-11-27,1.26
2019-11-28,1.24
2019-11-29,1.135
2019-12-02,1.165
2019-12-03,1.175
2019-12-04,1.23
2019-12-05,1.225
2019-12-06,1.2225
2019-12-09,1.165
2019-12-10,1.18
2019-12-11,1.165
2019-12-12,1.0375
2019-12-13,1.0375
2019-12-16,0.765
2019-12-17,0.74
2019-12-18,0.8075
2019-12-19,0.7275
2019-12-20,0.6075
2019-12-23,0.61
2019-12-24,0.58
2019-12-25,0.605
2019-12-26,0.6075
2019-12-27,0.565
2019-12-30,0.6725
2019-12-31,0.6375
2020-01-01,0.6675
2020-01-02,0.675
2020-01-03,0.535
2020-01-06,0.5025
2020-01-07,0.5025
2020-01-08,0.5
2020-01-09,0.515
2020-01-10,0.445
2020-01-13,0.415
2020-01-14,0.4575
2020-01-15,0.4375
2020-01-16,0.42
2020-01-17,0.4625
2020-01-20,0.4225
2020-01-21,0.405
2020-01-22,0.415
2020-01-23,0.415
2020-01-24,0.405
2020-01-27,0.34
2020-01-28,0.35
2020-01-29,0.35
2020-01-30,0.375
2020-01-31,0.375
2020-02-03,0.395
2020-02-04,0.4
2020-02-05,0.405
2020-02-06,0.385
2020-02-07,0.42
2020-02-10,0.36
2020-02-11,0.35
2020-02-12,0.455
2020-02-13,0.4375
2020-02-14,0.4425
2020-02-17,0.415
2020-02-18,0.44
2020-02-19,0.41
2020-02-20,0.41
2020-02-21,0.41
2020-02-24,0.37
2020-02-25,0.455
2020-02-26,0.4175
2020-02-27,0.4225
2020-02-28,0.42
2020-03-02,0.425
2020-03-03,0.41
2020-03-04,0.385
2020-03-05,0.415
2020-03-06,0.4
2020-03-09,0.38
2020-03-10,0.395
2020-03-11,0.395
2020-03-12,0.41
2020-03-13,0.42
2020-03-16,0.405
2020-03-17,0.435
2020-03-18,0.415
2020-03-19,0.43
2020-03-20,0.42
2020-03-23,0.42
2020-03-24,0.415
2020-03-25,0.42
2020-03-26,0.41
2020-03-27,0.405
2020-03-30,0.41
2020-03-31,0.405
2020-04-01,0.38
2020-04-02,0.385
2020-04-03,0.38
2020-04-06,0.3875
2020-04-07,0.3725
2020-04-08,0.305
2020-04-09,0.295
2020-04-10,0.315
2020-04-13,0.3
2020-04-14,0.325
2020-04-15,0.3
2020-04-16,0.305
2020-04-17,0.3
2020-04-20,0.285
2020-04-21,0.28
2020-04-22,0.29
2020-04-23,0.295
2020-04-24,0.3
2020-04-27,0.265
2020-04-28,0.26
2020-04-29,0.245
2020-04-30,0.25
2020-05-01,0.25
2020-05-04,0.2525
2020-05-05,0.275
2020-05-06,0.3275
2020-05-07,0.31
2020-05-08,0.31
2020-05-11,0.2925
2020-05-12,0.2925
2020-05-13,0.265
2020-05-14,0.26
2020-05-15,0.265
2020-05-18,0.28
2020-05-19,0.27
2020-05-20,0.27
2020-05-21,0.2925
2020-05-22,0.675
2020-05-25,0.7975
2020-05-26,0.5475
2020-05-27,0.5575
2020-05-28,0.5075
2020-05-29,0.5225
2020-06-01,0.525
2020-06-02,0.51
2020-06-03,0.5
2020-06-04,0.495
2020-06-05,0.485
2020-06-08,0.455
2020-06-09,0.455
2020-06-10,0.45
2020-06-11,0.45
2020-06-12,0.445
2020-06-15,0.465
2020-06-16,0.45
2020-06-17,0.44
2020-06-18,0.45
2020-06-19,0.445
2020-06-22,0.3
2020-06-23,0.315
2020-06-24,0.305
2020-06-25,0.295
2020-06-26,0.295
2020-06-29,0.305
2020-06-30,0.29
2020-07-01,0.285
2020-07-02,0.2925
2020-07-03,0.3175
2020-07-06,0.3
2020-07-07,0.27
2020-07-08,0.265
2020-07-09,0.24
2020-07-10,0.26
2020-07-13,0.235
2020-07-14,0.185
2020-07-15,0.13
2020-07-16,0.08
2020-07-17,0.0675
2020-07-20,0.1
2020-07-21,0.095
2020-07-22,0.09
2020-07-23,0.085
2020-07-24,0.055
2020-07-27,0.075
2020-07-28,0.075
2020-07-29,0.085
2020-07-30,0.0375
2020-07-31,0.0425
2020-08-03,0.0375
2020-08-04,-0.0025
2020-08-05,-0.0125
2020-08-06,-0.0125
2020-08-07,-0.0175
2020-08-10,-0.0025
2020-08-11,-0.0075
2020-08-12,-0.0075
2020-08-13,-0.0225
2020-08-14,0.005
2020-08-17,-0.0025
2020-08-18,0.0025
2020-08-19,0.01
2020-08-20,0.0075
2020-08-21,-0.0225
2020-08-24,0.005
2020-08-25,0.015
2020-08-26,0.025
2020-08-27,0.0525
2020-08-28,-0.0025
2020-08-31,-0.02
2020-09-01,-0.015
2020-09-02,-0.0025
2020-09-03,-0.0175
2020-09-04,-0.0225
2020-09-07,0.0075
2020-09-08,-0.04
2020-09-09,-0.025
2020-09-10,-0.0025
2020-09-11,-0.035
2020-09-14,-0.02
2020-09-15,-0.02
2020-09-16,-0.015
2020-09-17,-0.02
2020-09-18,-0.025
2020-09-21,-0.0525
2020-09-22,-0.01
2020-09-23,-0.015
2020-09-24,-0.0075
2020-09-25,-0.0175
2020-09-28,-0.0625
2020-09-29,-0.055
2020-09-30,-0.065
2020-10-01,-0.0625
2020-10-02,-0.055
2020-10-05,-0.0775
2020-10-06,-0.0775
2020-10-07,-0.0925
2020-10-08,-0.105
2020-10-09,-0.1025
2020-10-12,-0.1175
2020-10-13,-0.13
2020-10-14,-0.14
2020-10-15,-0.12
2020-10-16,-0.16
2020-10-19,-0.11
2020-10-20,-0.1425
2020-10-21,-0.1475
2020-10-22,-0.12
2020-10-23,-0.1175
2020-10-26,-0.115
2020-10-27,-0.12
2020-10-28,-0.125
2020-10-29,-0.0525
2020-10-30,-0.065
2020-11-02,-0.025
2020-11-03,-0.0875
2020-11-04,-0.08
2020-11-05,-0.075
2020-11-06,-0.075
2020-11-09,-0.07
2020-11-10,-0.0725
2020-11-11,-0.0675
2020-11-12,-0.0625
2020-11-13,-0.0725
2020-11-16,-0.06
2020-11-17,-0.0625
2020-11-18,-0.065
2020-11-19,-0.065
2020-11-20,-0.075
2020-11-23,-0.07
2020-11-24,-0.0625
2020-11-25,-0.08
2020-11-26,-0.095
2020-11-27,-0.0975
2020-11-30,-0.1
2020-12-01,-0.0975
2020-12-02,-0.095
2020-12-03,-0.1
2020-12-04,-0.0975
2020-12-07,-0.105
2020-12-08,-0.11
2020-12-09,-0.105
2020-12-10,-0.1075
2020-12-11,-0.1075
2020-12-14,-0.115
2020-12-15,-0.11
2020-12-16,-0.1
2020-12-17,-0.0825
2020-12-18,-0.0875
2020-12-21,-0.075
2020-12-22,-0.0775
2020-12-23,-0.085
2020-12-24,-0.085
2020-12-25,-0.08
2020-12-28,-0.0775
2020-12-29,-0.0775
2020-12-30,-0.0825
2020-12-31,-0.075
2021-01-01,-0.0775
2021-01-04,-0.1125
2021-01-05,-0.14
2021-01-06,-0.14
2021-01-07,-0.135
2021-01-08,-0.14
2021-01-11,-0.14
2021-01-12,-0.1375
2021-01-13,-0.1375
2021-01-14,-0.1325
2021-01-15,-0.1375
2021-01-18,-0.1525
2021-01-19,-0.16
2021-01-20,-0.2125
2021-01-21,-0.215
2021-01-22,-0.2175
2021-01-25,-0.205
2021-01-26,-0.21
2021-01-27,-0.2175
2021-01-28,-0.1975
2021-01-29,-0.2175
2021-02-01,-0.215
2021-02-02,-0.21
2021-02-03,-0.2275
2021-02-04,-0.2275
2021-02-05,-0.2275
2021-02-08,-0.2275
2021-02-09,-0.235
2021-02-10,-0.22
2021-02-11,-0.23
2021-02-12,-0.2175
2021-02-15,-0.2275
2021-02-16,-0.23
2021-02-17,-0.2175
2021-02-18,-0.2275
2021-02-19,-0.23
2021-02-22,-0.2275
2021-02-23,-0.21
2021-02-24,-0.2275
2021-02-25,-0.2175
2021-02-26,-0.21
2021-03-01,-0.2175
2021-03-02,-0.1725
2021-03-03,-0.2075
2021-03-04,-0.21
2021-03-05,-0.185
2021-03-08,-0.13
2021-03-09,-0.1325
2021-03-10,-0.135
2021-03-11,-0.1275
2021-03-12,-0.135
2021-03-15,-0.1275
2021-03-16,-0.1025
2021-03-17,-0.0775
2021-03-18,-0.08
2021-03-19,-0.065
2021-03-22,-0.07
2021-03-23,-0.07
2021-03-24,0.0075
2021-03-25,-0.0025
2021-03-26,0.0025
2021-03-29,0.0425
2021-03-30,0.0675
2021-03-31,0.1275
2021-04-01,0.13
2021-04-02,0.1325
2021-04-05,0.13
2021-04-06,0.1275
2021-04-07,0.1675
2021-04-08,0.1875
2021-04-09,0.1875
2021-04-12,0.195
2021-04-13,0.195
2021-04-14,0.165
2021-04-15,0.18
2021-04-16,0.1825
2021-04-19,0.1775
2021-04-20,0.1825
2021-04-21,0.185
2021-04-22,0.18
2021-04-23,0.1775
2021-04-26,0.1875
2021-04-27,0.1825
2021-04-28,0.19
2021-04-29,0.1825
2021-04-30,0.1825
2021-05-03,0.1825
2021-05-04,0.18
2021-05-05,0.1925
2021-05-06,0.1775
2021-05-07,0.1775
2021-05-10,0.18
2021-05-11,0.1825
2021-05-12,0.1775
2021-05-13,0.1675
2021-05-14,0.1675
2021-05-17,0.175
2021-05-18,0.1775
2021-05-19,0.1525
2021-05-20,0.17
2021-05-21,0.1675
2021-05-24,0.165
2021-05-25,0.175
2021-05-26,0.16
2021-05-27,0.1775
2021-05-28,0.1475
2021-05-31,0.1525
2021-06-01,0.1625
2021-06-02,0.0975
2021-06-03,0.0375
2021-06-04,0.0525
2021-06-07,0.0525
2021-06-08,0.0425
2021-06-09,0.055
2021-06-10,0.0575
2021-06-11,0.0425
2021-06-14,0.04
2021-06-15,0.045
2021-06-16,0.045
2021-06-17,0.07
2021-06-18,0.07
2021-06-21,0.07
2021-06-22,0.07
2021-06-23,0.07
2021-06-24,0.07
2021-06-25,0.07
2021-06-28,0.07
2021-06-29,0.07
2021-06-30,0.07
2021-07-01,0.07
2021-07-02,0.07
2021-07-05,0.07
2021-07-06,0.065
2021-07-07,0.045
2021-07-08,0.06
2021-07-09,0.065
2021-07-12,0.065
2021-07-13,0.055
2021-07-14,0.055
2021-07-15,0.05
2021-07-16,0.05
2021-07-19,0.05
2021-07-20,0.05
2021-07-21,0.05
2021-07-22,0.105
2021-07-23,0.095
2021-07-26,0.145
2021-07-27,0.14
2021-07-28,0.155
2021-07-29,0.13
2021-07-30,0.15
2021-08-02,0.135
2021-08-03,0.145
2021-08-04,0.155
2021-08-05,0.14
2021-08-06,0.155
2021-08-09,0.155
2021-08-10,0.145
2021-08-11,0.14
2021-08-12,0.145
2021-08-13,0.15
2021-08-16,0.16
2021-08-17,0.165
2021-08-18,0.175
2021-08-19,0.165
2021-08-20,0.16
2021-08-23,0.17
2021-08-24,0.18
2021-08-25,0.185
2021-08-26,0.165
2021-08-27,0.175
2021-08-30,0.185
2021-08-31,0.175
2021-09-01,0.0875
2021-09-02,0.165
2021-09-03,0.155
2021-09-06,0.1575
2021-09-07,0.1425
2021-09-08,0.1575
2021-09-09,0.145
2021-09-10,0.165
2021-09-13,0.16
2021-09-14,0.145
2021-09-15,0.145
2021-09-16,0.15
2021-09-17,0.155
2021-09-20,0.1275
2021-09-21,0.1275
2021-09-22,0.125
2021-09-23,0.125
2021-09-24,0.13
2021-09-27,0.12
2021-09-28,0.185
2021-09-29,0.1375
2021-09-30,0.13
2021-10-01,0.135
2021-10-04,0.13
2021-10-05,0.13
2021-10-06,0.115
2021-10-07,0.13
2021-10-08,0.12
2021-10-11,0.1275
2021-10-12,0.13
2021-10-13,0.13
2021-10-14,0.13
2021-10-15,0.12
2021-10-18,0.13
2021-10-19,0.13
2021-10-20,0.125
2021-10-21,0.13
2021-10-22,0.135
2021-10-25,0.13
2021-10-26,0.13
2021-10-27,0.13
2021-10-28,0.12
2021-10-29,0.12
2021-11-01,0.13
2021-11-02,0.135
2021-11-03,0.12
2021-11-04,0.125
2021-11-05,0.135
2021-11-08,0.12
2021-11-09,0.135
2021-11-10,0.1425
2021-11-11,0.13
2021-11-12,0.1325
2021-11-15,0.135
2021-11-16,0.125
2021-11-17,0.14
2021-11-18,0.14
2021-11-19,0.14
2021-11-22,0.14
2021-11-23,0.14
2021-11-24,0.14
2021-11-25,0.14
2021-11-26,0.14
2021-11-29,0.14
2021-11-30,0.155
2021-12-01,0.14
2021-12-02,0.1425
2021-12-03,0.14
2021-12-06,0.155
2021-12-07,0.145
2021-12-08,0.145
2021-12-09,0.1425
2021-12-10,0.1425
2021-12-13,0.155
2021-12-14,0.145
2021-12-15,0.145
2021-12-16,0.15
2021-12-17,0.145
2021-12-20,0.145
2021-12-21,0.14
2021-12-22,0.155
2021-12-23,0.15
2021-12-24,0.145
2021-12-27,0.16
2021-12-28,0.155
2021-12-29,0.155
2021-12-30,0.1575
2021-12-31,0.1275
2022-01-03,0.135
2022-01-04,0.14
2022-01-05,0.13
2022-01-06,0.1375
2022-01-07,0.01
2022-01-10,0.1525
2022-01-11,0.095
2022-01-12,0.095
2022-01-13,0.0975
2022-01-14,0.1225
2022-01-17,0.13
2022-01-18,0.13
2022-01-19,0.1275
2022-01-20,0.095
2022-01-21,0.09
2022-01-24,0.085
2022-01-25,0.085
2022-01-26,0.075
2022-01-27,0.0775
2022-01-28,0.07
2022-01-31,0.09
2022-02-01,0.08
2022-02-02,0.075
2022-02-03,0.07
2022-02-04,0.0825
2022-02-07,0.055
2022-02-08,0.0625
2022-02-09,0.065
2022-02-10,0.0425
2022-02-11,0.03
2022-02-14,0.025
2022-02-15,0.0275
2022-02-16,0.02
2022-02-17,-0.015
2022-02-18,-0.0225
2022-02-21,-0.03
2022-02-22,-0.0325
2022-02-23,-0.0525
2022-02-24,-0.055
2022-02-25,-0.0525
2022-02-28,-0.045
2022-03-01,-0.065
2022-03-02,-0.0825
2022-03-03,-0.0875
2022-03-04,-0.0825
2022-03-07,-0.08
2022-03-08,-0.0675
2022-03-09,-0.07
2022-03-10,-0.0725
2022-03-11,-0.07
2022-03-14,-0.0775
2022-03-15,-0.08
2022-03-16,-0.0725
2022-03-17,-0.0675
2022-03-18,-0.075
2022-03-21,-0.0775
2022-03-22,-0.085
2022-03-23,-0.0775
2022-03-24,-0.0825
2022-03-25,-0.0725
2022-03-28,-0.0775
2022-03-29,-0.0775
2022-03-30,-0.075
2022-03-31,-0.085
2022-04-01,-0.085
2022-04-04,-0.075
2022-04-05,-0.075
2022-04-06,-0.0875
2022-04-07,-0.08
2022-04-08,-0.08
2022-04-11,-0.0825
2022-04-12,-0.08
2022-04-13,-0.08
2022-04-14,-0.08
2022-04-15,-0.0725
2022-04-18,-0.0775
2022-04-19,-0.0925
2022-04-20,-0.085
2022-04-21,-0.095
2022-04-22,-0.0975
2022-04-25,-0.1
2022-04-26,-0.1
2022-04-27,-0.0975
2022-04-28,-0.0875
2022-04-29,-0.0125
2022-05-02,-0.0025
2022-05-03,0.1125
2022-05-04,0.11
2022-05-05,0.1125
2022-05-06,0.1175
2022-05-09,0.1125
2022-05-10,0.12
2022-05-11,0.2175
2022-05-12,0.2775
2022-05-13,0.2775
2022-05-16,0.28
2022-05-17,0.27
2022-05-18,0.2375
2022-05-19,0.2275
2022-05-20,0.235
2022-05-23,0.2375
2022-05-24,0.2625
2022-05-25,0.2575
2022-05-26,0.2425
2022-05-27,0.24
2022-05-30,0.2625
2022-05-31,0.25
2022-06-01,0.1575
2022-06-02,0.1575
2022-06-03,0.1525
2022-06-06,0.1475
2022-06-07,0.125
2022-06-08,0.1
2022-06-09,0.0925
2022-06-10,0.0875
2022-06-13,0.1175
2022-06-14,0.095
2022-06-15,0.0925
2022-06-16,0.1025
2022-06-17,0.1475
2022-06-20,0.14
2022-06-21,0.1425
2022-06-22,0.1525
2022-06-23,0.15
2022-06-24,0.155
2022-06-27,0.1525
2022-06-28,0.1675
2022-06-29,0.16
2022-06-30,0.14
2022-07-01,0.14
2022-07-04,0.15
2022-07-05,0.155
2022-07-06,0.1525
2022-07-07,0.0575
2022-07-08,0.04
2022-07-11,0.0525
2022-07-12,0.0525
2022-07-13,0.055
2022-07-14,0.0525
2022-07-15,0.0525
2022-07-18,0.0575
2022-07-19,0.05
2022-07-20,0.0675
2022-07-21,0.0575
2022-07-22,0.05
2022-07-25,0.05
2022-07-26,0.0475
2022-07-27,0.0825
2022-07-28,0.105
2022-07-29,0.1275
2022-08-01,0.13
2022-08-02,0.13
2022-08-03,0.125
2022-08-04,0.1375
2022-08-05,0.14
2022-08-08,0.135
2022-08-09,0.12
2022-08-10,0.0975
2022-08-11,0.1175
2022-08-12,0.06
2022-08-15,0.055
2022-08-16,0.065
2022-08-17,0.065
2022-08-18,0.0675
2022-08-19,0.0675
2022-08-22,0.0675
2022-08-23,0.0675
2022-08-24,0.08
2022-08-25,0.12
2022-08-26,0.0875
2022-08-29,0.0875
2022-08-30,0.11
2022-08-31,0.1125
2022-09-01,0.1125
2022-09-02,0.1125
2022-09-05,0.11
2022-09-06,0.115
2022-09-07,0.1
2022-09-08,0.18
2022-09-09,0.265
2022-09-12,0.2475
2022-09-13,0.2675
2022-09-14,0.27
2022-09-15,0.2725
2022-09-16,0.27
2022-09-19,0.27
2022-09-20,0.27
2022-09-21,0.27
2022-09-22,0.28
2022-09-23,0.27
2022-09-26,0.28
2022-09-27,0.285
2022-09-28,0.305
2022-09-29,0.31
2022-09-30,0.395
2022-10-03,0.45
2022-10-04,0.5
2022-10-05,0.51
2022-10-06,0.505
2022-10-07,0.5
2022-10-10,0.51
2022-10-11,0.52
2022-10-12,0.5225
2022-10-13,0.515
2022-10-14,0.5125
2022-10-17,0.5175
2022-10-18,0.5175
2022-10-19,0.5275
2022-10-20,0.6175
2022-10-21,0.6125
2022-10-24,0.62
2022-10-25,0.6075
2022-10-26,0.6225
2022-10-27,0.5975
2022-10-28,0.6175
2022-10-31,0.6175
2022-11-01,0.6875
2022-11-02,0.685
2022-11-03,0.675
2022-11-04,0.77
2022-11-07,0.78
2022-11-08,0.79
2022-11-09,0.6475
2022-11-10,0.6525
2022-11-11,0.65
2022-11-14,0.625
2022-11-15,0.5875
2022-11-16,0.56
2022-11-17,0.5875
2022-11-18,0.475
2022-11-21,0.465
2022-11-22,0.445
2022-11-23,0.4775
2022-11-24,0.455
2022-11-25,0.47
2022-11-28,0.58
2022-11-29,0.5775
2022-11-30,0.6125
2022-12-01,0.54
2022-12-02,0.5
2022-12-05,0.4225
2022-12-06,0.37
2022-12-07,0.38
2022-12-08,0.3075
2022-12-09,0.31
2022-12-12,0.32
2022-12-13,0.3275
2022-12-14,0.3475
2022-12-15,0.3475
2022-12-16,0.3625
2022-12-19,0.365
2022-12-20,0.3675
2022-12-21,0.3575
2022-12-22,0.37
2022-12-23,0.3625
2022-12-26,0.3625
2022-12-27,0.3575
2022-12-28,0.3625
2022-12-29,0.3525
2022-12-30,0.3575
2023-01-02,0.3575
2023-01-03,0.3675
2023-01-04,0.335
2023-01-05,0.3025
2023-01-06,0.3
2023-01-09,0.305
2023-01-10,0.305
2023-01-11,0.3025
2023-01-12,0.2825
2023-01-13,0.295
2023-01-16,0.2575
2023-01-17,0.2575
2023-01-18,0.26
2023-01-19,0.2575
2023-01-20,0.2275
2023-01-23,0.225
2023-01-24,0.2125
2023-01-25,0.2225
2023-01-26,0.1775
2023-01-27,0.165
2023-01-30,0.1725
2023-01-31,0.165
2023-02-01,0.1525
2023-02-02,0.1475
2023-02-03,0.145
2023-02-06,0.1275
2023-02-07,0.0925
2023-02-08,0.0575
2023-02-09,0.0575
2023-02-10,0.075
2023-02-13,0.0875
2023-02-14,-0.035
2023-02-15,-0.0325
2023-02-16,-0.035
2023-02-17,-0.03
2023-02-20,-0.0325
2023-02-21,-0.0725
2023-02-22,-0.0675
2023-02-23,-0.08
2023-02-24,-0.0675
2023-02-27,-0.0625
2023-02-28,-0.045
2023-03-01,-0.0325
2023-03-02,-0.045
2023-03-03,-0.055
2023-03-06,-0.095
2023-03-07,-0.12
2023-03-08,-0.1
2023-03-09,-0.07
2023-03-10,-0.13
2023-03-13,-0.125
2023-03-14,-0.1125
2023-03-15,-0.0975
2023-03-16,-0.125
2023-03-17,-0.1175
2023-03-20,-0.12
2023-03-21,-0.125
2023-03-22,-0.13
2023-03-23,-0.255
2023-03-24,-0.235
2023-03-27,-0.2425
2023-03-28,-0.2475
2023-03-29,-0.2625
2023-03-30,-0.26
2023-03-31,-0.28
2023-04-03,-0.2675
2023-04-04,-0.3
2023-04-05,-0.295
2023-04-06,-0.2925
2023-04-07,-0.295
2023-04-10,-0.305
2023-04-11,-0.2925
2023-04-12,-0.285
2023-04-13,-0.3
2023-04-14,-0.2625
2023-04-17,-0.315
2023-04-18,-0.3
2023-04-19,-0.28
2023-04-20,-0.3675
2023-04-21,-0.1425
2023-04-24,-0.25
2023-04-25,-0.32
2023-04-26,-0.24
2023-04-27,-0.25
2023-04-28,-0.315
2023-05-01,-0.32
2023-05-02,-0.29
2023-05-03,-0.37
2023-05-04,-0.385
2023-05-05,-0.36
2023-05-08,-0.35
2023-05-09,-0.31
2023-05-10,-0.32
2023-05-11,-0.3125
2023-05-12,-0.29
2023-05-15,-0.33
2023-05-16,-0.385
2023-05-17,-0.36
2023-05-18,-0.3975
2023-05-19,-0.32
2023-05-22,-0.3775
2023-05-23,-0.35
2023-05-24,-0.3875
2023-05-25,-0.3825
2023-05-26,-0.3925
2023-05-29,-0.3375
2023-05-30,-0.3425
2023-05-31,-0.375
2023-06-01,-0.365
2023-06-02,-0.365
2023-06-05,-0.3675
2023-06-06,-0.36
2023-06-07,-0.355
2023-06-08,-0.355
2023-06-09,-0.3725
2023-06-12,-0.37
2023-06-13,-0.37
2023-06-14,-0.37
2023-06-15,-0.3725
2023-06-16,-0.3675
2023-06-19,-0.3675
2023-06-20,-0.3725
2023-06-21,-0.365
2023-06-22,-0.375
2023-06-23,-0.3725
2023-06-26,-0.3675
2023-06-27,-0.37
2023-06-28,-0.3675
2023-06-29,-0.365
2023-06-30,-0.3675
2023-07-03,-0.3675
2023-07-04,-0.3325
2023-07-05,-0.3275
2023-07-06,-0.32
2023-07-07,-0.3225
2023-07-10,-0.3225
2023-07-11,-0.32
2023-07-12,-0.3225
2023-07-13,-0.315
2023-07-14,-0.3225
2023-07-17,-0.325
2023-07-18,-0.315
2023-07-19,-0.2875
2023-07-20,-0.3075
2023-07-21,-0.3025
2023-07-24,-0.3
2023-07-25,-0.2975
2023-07-26,-0.31
2023-07-27,-0.2375
2023-07-28,-0.2425
2023-07-31,-0.2375
2023-08-01,-0.235
2023-08-02,-0.2475
2023-08-03,-0.2475
2023-08-04,-0.235
2023-08-07,-0.2375
2023-08-08,-0.2325
2023-08-09,-0.2375
2023-08-10,-0.2275
2023-08-11,-0.235
2023-08-14,-0.235
2023-08-15,-0.24
2023-08-16,-0.245
2023-08-17,-0.24
2023-08-18,-0.24
2023-08-21,-0.24
2023-08-22,-0.245
2023-08-23,-0.245
2023-08-24,-0.24
2023-08-25,-0.245
2023-08-28,-0.24
2023-08-29,-0.245
2023-08-30,-0.245
2023-08-31,-0.2425
2023-09-01,-0.2425
2023-09-04,-0.2425
2023-09-05,-0.2425
2023-09-06,-0.23
2023-09-07,-0.235
2023-09-08,-0.24
2023-09-11,-0.1875
2023-09-12,-0.24
2023-09-13,-0.2425
2023-09-14,-0.2475
2023-09-15,-0.2525
2023-09-18,-0.2025
2023-09-19,-0.2025
2023-09-20,-0.2575
2023-09-21,-0.2625
2023-09-22,-0.2525
2023-09-25,-0.2625
2023-09-26,-0.2625
2023-09-27,-0.2625
2023-09-28,-0.26
2023-09-29,-0.2625
2023-10-02,-0.2575
2023-10-03,-0.2675
2023-10-04,-0.2825
2023-10-05,-0.2825
2023-10-06,-0.28
2023-10-09,-0.2775
2023-10-10,-0.28
2023-10-11,-0.2825
2023-10-12,-0.2825
2023-10-13,-0.2825
2023-10-16,-0.2825
2023-10-17,-0.2825
2023-10-18,-0.2825
2023-10-19,-0.3225
2023-10-20,-0.3225
2023-10-23,-0.3225
2023-10-24,-0.3175
2023-10-25,-0.3175
2023-10-26,-0.3175
2023-10-27,-0.3025
2023-10-30,-0.2675
2023-10-31,-0.27
2023-11-01,-0.27
2023-11-02,-0.27
2023-11-03,-0.2675
2023-11-06,-0.2675
2023-11-07,-0.285
2023-11-08,-0.2525
2023-11-09,-0.2725
2023-11-10,-0.265
2023-11-13,-0.27
2023-11-14,-0.27
2023-11-15,-0.2825
2023-11-16,-0.2825
2023-11-17,-0.2775
2023-11-20,-0.2675
2023-11-21,-0.2675
2023-11-22,-0.2675
2023-11-23,-0.2775
2023-11-24,-0.2725
2023-11-27,-0.2825
2023-11-28,-0.2725
2023-11-29,-0.2875
2023-11-30,-0.2825
2023-12-01,-0.2725
2023-12-04,-0.2075
2023-12-05,-0.285
2023-12-06,-0.3125
2023-12-07,-0.315
2023-12-08,-0.3175
2023-12-11,-0.3175
2023-12-12,-0.315
2023-12-13,-0.3
2023-12-14,-0.3025
2023-12-15,-0.3075
2023-12-18,-0.3
2023-12-19,-0.3025
2023-12-20,-0.3175
2023-12-21,-0.3175
2023-12-22,-0.32
2023-12-25,-0.3225
2023-12-26,-0.3225
2023-12-27,-0.3175
2023-12-28,-0.3175
2023-12-29,-0.3175
2024-01-01,-0.3075
2024-01-02,-0.3175
2024-01-03,-0.315
2024-01-04,-0.315
2024-01-05,-0.3175
2024-01-08,-0.3175
2024-01-09,-0.3175
2024-01-10,-0.3175
2024-01-11,-0.3175
2024-01-12,-0.3175
2024-01-15,-0.3125
2024-01-16,-0.3175
2024-01-17,-0.3175
2024-01-18,-0.315
2024-01-19,-0.3175
2024-01-22,-0.3125
2024-01-23,-0.3125
2024-01-24,-0.315
2024-01-25,-0.32
2024-01-26,-0.315
2024-01-29,-0.315
2024-01-30,-0.315
2024-01-31,-0.315
2024-02-01,-0.315
2024-02-02,-0.32
2024-02-05,-0.33
2024-02-06,-0.315
2024-02-07,-0.315
2024-02-08,-0.3175
2024-02-09,-0.3175
2024-02-12,-0.32
2024-02-13,-0.325
2024-02-14,-0.335
2024-02-15,-0.335
2024-02-16,-0.34
2024-02-19,-0.335
2024-02-20,-0.335
2024-02-21,-0.335
2024-02-22,-0.335
2024-02-23,-0.335
2024-02-26,-0.255
2024-02-27,-0.32
2024-02-28,-0.32
2024-02-29,-0.325
2024-03-01,-0.34
2024-03-04,-0.32
2024-03-05,-0.32
2024-03-06,-0.32
2024-03-07,-0.32
2024-03-08,-0.325
2024-03-11,-0.32
2024-03-12,-0.32
2024-03-13,-0.32
2024-03-14,-0.32
2024-03-15,-0.32
2024-03-18,-0.32
2024-03-19,-0.325
2024-03-20,-0.325
2024-03-21,-0.325
2024-03-22,-0.32
2024-03-25,-0.32
2024-03-26,-0.32
2024-03-27,-0.325
2024-03-28,-0.32
2024-03-29,-0.32
2024-04-01,-0.315
2024-04-02,-0.32
2024-04-03,-0.32
2024-04-04,-0.32
2024-04-05,-0.325
2024-04-08,-0.325
2024-04-09,-0.325
2024-04-10,-0.325
2024-04-11,-0.325
2024-04-12,-0.345
2024-04-15,-0.35
2024-04-16,-0.35
2024-04-17,-0.46
2024-04-18,-0.475
2024-04-19,-0.48
2024-04-22,-0.505
2024-04-23,-0.505
2024-04-24,-0.51
2024-04-25,-0.51
2024-04-26,-0.5
2024-04-29,-0.51
2024-04-30,-0.51
2024-05-01,-0.52
2024-05-02,-0.525
2024-05-03,-0.515
2024-05-06,-0.515
2024-05-07,-0.52
2024-05-08,-0.52
2024-05-09,-0.52
2024-05-10,-0.52
2024-05-13,-0.52
2024-05-14,-0.52
2024-05-15,-0.52
2024-05-16,-0.52
2024-05-17,-0.53
2024-05-20,-0.535
2024-05-21,-0.595
2024-05-22,-0.595
2024-05-23,-0.6
2024-05-24,-0.6
2024-05-27,-0.6
2024-05-28,-0.595
2024-05-29,-0.6
2024-05-30,-0.595
2024-05-31,-0.6
2024-06-03,-0.6
2024-06-04,-0.6
2024-06-05,-0.6
2024-06-06,-0.605
2024-06-07,-0.6
2024-06-10,-0.6
2024-06-11,-0.6
2024-06-12,-0.6
2024-06-13,-0.6
2024-06-14,-0.605
2024-06-17,-0.59
2024-06-18,-0.59
2024-06-19,-0.59
2024-06-20,-0.59
2024-06-21,-0.63
2024-06-24,-0.635
2024-06-25,-0.635
2024-06-26,-0.64
2024-06-27,-0.64
2024-06-28,-0.635
2024-07-01,-0.625
2024-07-02,-0.65
2024-07-03,-0.65
2024-07-04,-0.655
2024-07-05,-0.655
2024-07-08,-0.72
2024-07-09,-0.72
2024-07-10,-0.72
2024-07-11,-0.72
2024-07-12,-0.725
2024-07-15,-0.72
2024-07-16,-0.72
2024-07-17,-0.72
2024-07-18,-0.725
2024-07-19,-0.72
2024-07-22,-0.72
2024-07-23,-0.72
2024-07-24,-0.715
2024-07-25,-0.72
2024-07-26,-0.725
2024-07-29,-0.72
2024-07-30,-0.735
2024-07-31,-0.73
2024-08-01,-0.74
2024-08-02,-0.735
2024-08-05,-0.735
2024-08-06,-0.74
2024-08-07,-0.745
2024-08-08,-0.75
2024-08-09,-0.75
2024-08-12,-0.745
2024-08-13,-0.745
2024-08-14,-0.745
2024-08-15,-0.75
2024-08-16,-0.745
2024-08-19,-0.745
2024-08-20,-0.745
2024-08-21,-0.745
2024-08-22,-0.745
2024-08-23,-0.74
2024-08-26,-0.74
2024-08-27,-0.74
2024-08-28,-0.705
2024-08-29,-0.715
2024-08-30,-0.695
2024-09-02,-0.7
2024-09-03,-0.705
2024-09-04,-0.71
2024-09-05,-0.66
2024-09-06,-0.66
2024-09-09,-0.66
2024-09-10,-0.665
2024-09-11,-0.66
2024-09-12,-0.625
2024-09-13,-0.63
2024-09-16,-0.63
2024-09-17,-0.635
2024-09-18,-0.635
2024-09-19,-0.635
2024-09-20,-0.625
2024-09-23,-0.63
2024-09-24,-0.625
2024-09-25,-0.615
2024-09-26,-0.6
2024-09-27,-0.6
2024-09-30,-0.625
2024-10-01,-0.63
2024-10-02,-0.845
2024-10-03,-0.725
2024-10-04,-0.73
2024-10-07,-0.725
2024-10-08,-0.735
2024-10-09,-0.73
2024-10-10,-0.735
2024-10-11,-0.735
2024-10-14,-0.735
2024-10-15,-0.74
2024-10-16,-0.745
2024-10-17,-0.75
2024-10-18,-0.75
2024-10-21,-0.765
2024-10-22,-0.755
2024-10-23,-0.76
2024-10-24,-0.77
2024-10-25,-0.765
2024-10-28,-0.885
2024-10-29,-0.78
2024-10-30,-0.79
2024-10-31,-0.785
2024-11-01,-0.785
2024-11-04,-0.79
2024-11-05,-0.78
2024-11-06,-0.785
2024-11-07,-0.78
2024-11-08,-0.79
2024-11-11,-0.79
2024-11-12,-0.78
2024-11-13,-0.775
2024-11-14,-0.78
2024-11-15,-0.775
2024-11-18,-0.85
2024-11-19,-0.865
2024-11-20,-0.87
2024-11-21,-0.87
2024-11-22,-0.865
2024-11-25,-0.865
2024-11-26,-0.905
2024-11-27,-0.91
2024-11-28,-0.91
2024-11-29,-0.945
2024-12-02,-0.945
2024-12-03,-0.96
2024-12-04,-0.965
2024-12-05,-0.965
2024-12-06,-0.965
2024-12-09,-0.97
2024-12-10,-0.945
2024-12-11,-0.965
2024-12-12,-0.955
2024-12-13,-0.96
2024-12-16,-0.965
2024-12-17,-1.025
2024-12-18,-1.025
2024-12-19,-1.11
2024-12-20,-1.025
2024-12-23,-1.105
2024-12-24,-1.105
2024-12-25,-1.115
2024-12-26,-1.115
2024-12-27,-1.11
2024-12-30,-1.11
2024-12-31,-1.02
2025-01-01,-1.025
2025-01-02,-0.895
2025-01-03,-0.905
2025-01-06,-0.995
2025-01-07,-0.965
2025-01-08,-0.995
2025-01-09,-1.035
2025-01-10,-0.975
2025-01-13,-0.915
2025-01-14,-0.91
2025-01-15,-0.915
2025-01-16,-0.98
2025-01-17,-0.91
2025-01-20,-0.895
2025-01-21,-0.895
2025-01-22,-0.845
2025-01-23,-0.81
2025-01-24,-0.815
2025-01-27,-0.75
2025-01-28,-0.755
2025-01-29,-0.74
2025-01-30,-0.75
2025-01-31,-0.745
2025-02-03,-0.75
2025-02-04,-0.745
2025-02-05,-0.745
2025-02-06,-0.745
2025-02-07,-0.745
2025-02-10,-0.755
2025-02-11,-0.72
2025-02-12,-0.73
2025-02-13,-0.735
2025-02-14,-0.735
2025-02-17,-0.74
2025-02-18,-0.75
2025-02-19,-0.745
2025-02-20,-0.73
2025-02-21,-0.745
2025-02-24,-0.75
2025-02-25,-0.75
2025-02-26,-0.745
2025-02-27,-0.745
2025-02-28,-0.745
2025-03-03,-0.745
2025-03-04,-0.745
2025-03-05,-0.75
2025-03-06,-0.745
2025-03-07,-0.745
2025-03-10,-0.76
2025-03-11,-0.765
2025-03-12,-0.765
2025-03-13,-0.76
2025-03-14,-0.775
2025-03-17,-0.76
2025-03-18,-0.765
2025-03-19,-0.765
2025-03-20,-0.76
2025-03-21,-0.76
2025-03-24,-0.755
2025-03-25,-0.76
2025-03-26,-0.765
2025-03-27,-0.76
2025-03-28,-0.765
2025-03-31,-0.765
2025-04-01,-0.765
2025-04-02,-0.76
2025-04-03,-0.765
2025-04-04,-0.765
2025-04-07,-0.805
2025-04-08,-0.805
2025-04-09,-0.915
2025-04-10,-0.965
2025-04-11,-0.99
2025-04-14,-0.99
2025-04-15,-1.095
2025-04-16,-1.06
2025-04-17,-1.075
2025-04-18,-1.165
2025-04-21,-1.045
2025-04-22,-1.11
2025-04-23,-1.105
2025-04-24,-1.105
2025-04-25,-1.125
2025-04-28,-1.125
2025-04-29,-1.22
2025-04-30,-1.18
2025-05-01,-1.19
2025-05-02,-1.145
2025-05-05,-1.22
2025-05-06,-1.72
2025-05-07,-1.99
2025-05-08,-2.05
2025-05-09,-2.265
2025-05-12,-2.31
2025-05-13,-2.305
2025-05-14,-2.235
2025-05-15,-2.05
2025-05-16,-2.035
2025-05-19,-2.025
2025-05-20,-2.005
2025-05-21,-1.985
2025-05-22,-2.025
2025-05-23,-2.135
2025-05-26,-2.095
2025-05-27,-2.08
2025-05-28,-2.075
2025-05-29,-2.185
2025-05-30,-2.22
2025-06-02,-2.09
2025-06-03,-1.965
2025-06-04,-1.875
2025-06-05,-1.805
2025-06-06,-1.9
2025-06-09,-1.9
2025-06-10,-1.84
2025-06-11,-1.78
2025-06-12,-1.595
2025-06-13,-1.68
2025-06-16,-1.525
2025-06-17,-1.515
2025-06-18,-1.535
2025-06-19,-1.49
2025-06-20,-1.575
2025-06-23,-1.59
2025-06-24,-1.58
2025-06-25,-1.575
2025-06-26,-1.575
2025-06-27,-1.565
2025-06-30,-1.565
2025-07-01,-1.56
2025-07-02,-1.525
2025-07-03,-1.515
2025-07-04,-1.52
2025-07-07,-1.455
2025-07-08,-1.42
2025-07-09,-1.385
2025-07-10,-1.4
2025-07-11,-1.28
2025-07-14,-1.275
2025-07-15,-1.165
2025-07-16,-1.145
2025-07-17,-1.065
2025-07-18,-1.105
2025-07-21,-1.17
2025-07-22,-1.165
2025-07-23,-1.18
2025-07-24,-1.185
2025-07-25,-1.09
2025-07-28,-1.04
2025-07-29,-1.03
2025-07-30,-1.025
2025-07-31,-1.03
2025-08-01,-1.03
2025-08-04,-1.015
2025-08-05,-1.03
2025-08-06,-1.005
2025-08-07,-1.015
2025-08-08,-1.01
2025-08-11,-0.985
2025-08-12,-0.99
2025-08-13,-0.975
2025-08-14,-0.95
2025-08-15,-1.05
2025-08-18,-0.915
2025-08-19,-0.925
2025-08-20,-0.905
2025-08-21,-0.875
2025-08-22,-0.88
2025-08-25,-0.88
2025-08-26,-0.88
2025-08-27,-0.88
2025-08-28,-0.88
2025-08-29,-0.875
2025-09-01,-0.845
2025-09-02,-0.85
2025-09-03,-0.825
2025-09-04,-0.825
2025-09-05,-0.815
2025-09-08,-0.82
2025-09-09,-0.84
2025-09-10,-0.805
2025-09-11,-0.755
2025-09-12,-0.74
2025-09-15,-0.705
2025-09-16,-0.725
2025-09-17,-0.715
2025-09-18,-0.72
2025-09-19,-0.73
2025-09-22,-0.73
2025-09-23,-0.725
2025-09-24,-0.72
2025-09-25,-0.785
2025-09-26,-0.785
2025-09-29,-0.785
2025-09-30,-0.785
2025-10-01,-0.765
2025-10-02,-0.765
2025-10-03,-0.75
2025-10-06,-0.75
2025-10-07,-0.755
2025-10-08,-0.755
2025-10-09,-0.755
2025-10-10,-0.75
2025-10-13,-0.755
2025-10-14,-0.755
2025-10-15,-0.74
2025-10-16,-0.745
2025-10-17,-0.74
2025-10-20,-0.74
2025-10-21,-0.7425
2025-10-22,-0.74
2025-10-23,-0.745
2025-10-24,-0.755
2025-10-27,-0.7575
2025-10-28,-0.75
2025-10-29,-0.765
2025-10-30,-0.82
2025-10-31,-0.82
2025-11-03,-0.825
2025-11-04,-0.8225
2025-11-05,-0.825
2025-11-06,-0.83
2025-11-07,-0.865
2025-11-10,-0.8675
2025-11-11,-0.875
2025-11-12,-0.87
2025-11-13,-0.8675
2025-11-14,-0.865
2025-11-17,-0.87
2025-11-18,-0.8775
2025-11-19,-0.885
2025-11-20,-0.8875
2025-11-21,-0.885
2025-11-24,-0.885
2025-11-25,-0.885
2025-11-26,-0.895
2025-11-27,-0.885
2025-11-28,-0.88
2025-12-01,-0.8825
2025-12-02,-0.88
2025-12-03,-0.885
2025-12-04,-0.88
2025-12-05,-0.97
2025-12-08,-0.95
2025-12-09,-0.965
2025-12-10,-0.975
2025-12-11,-0.975
2025-12-12,-0.975
2025-12-15,-0.97
2025-12-16,-0.9725
2025-12-17,-1.02
2025-12-18,-1.0025
2025-12-19,-1.345
2025-12-22,-1.3425
2025-12-23,-1.3425
2025-12-24,-1.34
2025-12-25,-1.35
2025-12-26,-1.3825
2025-12-29,-1.45
2025-12-30,-1.445
2025-12-31,-1.4475
2026-01-01,-1.4525
2026-01-02,-1.1825
2026-01-05,-1.145
2026-01-06,-1.0625
2026-01-07,-1.0375
2026-01-08,-0.9575
2026-01-09,-0.94
2026-01-12,-0.9575
2026-01-13,-0.9575
2026-01-14,-0.9375
2026-01-15,-0.905
2026-01-16,-0.8575
2026-01-19,-0.8
2026-01-20,-0.7975
2026-01-21,-0.7975
2026-01-22,-0.7975
2026-01-23,-0.7675
2026-01-26,-0.77
2026-01-27,-0.77
2026-01-28,-0.7575
2026-01-29,-0.7725
2026-01-30,-0.7525
2026-02-02,-0.755
2026-02-03,-0.745
2026-02-04,-0.7475
2026-02-05,-0.7425
2026-02-06,-0.7225
2026-02-09,-0.7225
2026-02-10,-0.725
2026-02-11,-0.725
2026-02-12,-0.7275
2026-02-13,-0.7225
2026-02-16,-0.7175
2026-02-17,-0.71
2026-02-18,-0.71
2026-02-19,-0.71
2026-02-20,-0.715
2026-02-23,-0.715
2026-02-24,-0.705
2026-02-25,-0.705
2026-02-26,-0.705
2026-02-27,-0.705
2026-03-02,-0.705
2026-03-03,-0.725
2026-03-04,-0.7325
2026-03-05,-0.725
2026-03-06,-0.72
2026-03-09,-0.7225
2026-03-10,-0.725
2026-03-11,-0.72
2026-03-12,-0.725
2026-03-13,-0.7025
2026-03-16,-0.7025
2026-03-17,-0.705
2026-03-18,-0.7025
2026-03-19,-0.6825
2026-03-20,-0.6575
2026-03-23,-0.66
2026-03-24,-0.6425
2026-03-25,-0.6225
2026-03-26,-0.645
2026-03-27,-0.61
2026-03-30,-0.5975
2026-03-31,-0.5975
2026-04-01,-0.5975
2026-04-02,-0.6075
2026-04-03,-0.6075
2026-04-06,-0.6025
2026-04-07,-0.6025
2026-04-08,-0.5975
2026-04-09,-0.5975
2026-04-10,-0.5925
2026-04-13,-0.5725
2026-04-14,-0.6075
2026-04-15,-0.595
2026-04-16,-0.565
2026-04-17,-0.535
2026-04-20,-0.52
2026-04-21,-0.52
2026-04-22,-0.4975
2026-04-23,-0.47
2026-04-24,-0.4725
2026-04-27,-0.46
2026-04-28,-0.46
2026-04-29,-0.4575
2026-04-30,-0.46
2026-05-01,-0.46
2026-05-04,-0.4575
2026-05-05,-0.46
2026-05-06,-0.46
2026-05-07,-0.44
2026-05-08,-0.4425
2026-05-11,-0.44
2026-05-12,-0.44
2026-05-13,-0.4425
2026-05-14,-0.4425
2026-05-15,-0.4225
