Date,Value
2016-01-01,7.395
2016-01-04,8.8225
2016-01-05,8.74
2016-01-06,9.0375
2016-01-07,10.165
2016-01-08,10.05
2016-01-11,10.47
2016-01-12,10.01
2016-01-13,9.435
2016-01-14,9.61
2016-01-15,10.69
2016-01-18,10.295
2016-01-19,10.205
2016-01-20,11.15
2016-01-21,11.24
2016-01-22,10.9325
2016-01-25,10.325
2016-01-26,10.465
2016-01-27,10.125
2016-01-28,10.4375
2016-01-29,9.4825
2016-02-01,8.615
2016-02-02,9.14
2016-02-03,10.4275
2016-02-04,10.63
2016-02-05,9.815
2016-02-08,12.48
2016-02-09,13.3075
2016-02-10,13.33
2016-02-11,15.855
2016-02-12,13.825
2016-02-15,13.165
2016-02-16,13.935
2016-02-17,14.0625
2016-02-18,13.7825
2016-02-19,14.2125
2016-02-22,13.7
2016-02-23,14.245
2016-02-24,14.815
2016-02-25,13.61
2016-02-26,13.16
2016-02-29,13.5725
2016-03-01,12.47
2016-03-02,12.0075
2016-03-03,11.755
2016-03-04,11.13
2016-03-07,11.65
2016-03-08,12.045
2016-03-09,12.0525
2016-03-10,12.1775
2016-03-11,11.3425
2016-03-14,10.75
2016-03-15,9.995
2016-03-16,9.75
2016-03-17,10.305
2016-03-18,9.385
2016-03-21,8.785
2016-03-22,8.825
2016-03-23,9.245
2016-03-24,9.375
2016-03-25,9.395
2016-03-28,9.835
2016-03-29,9.645
2016-03-30,9.0725
2016-03-31,10.05
2016-04-01,9.93
2016-04-04,10.3625
2016-04-05,11.6775
2016-04-06,11.67
2016-04-07,13.16
2016-04-08,11.945
2016-04-11,12.24
2016-04-12,11.29
2016-04-13,11.195
2016-04-14,11.0775
2016-04-15,11.425
2016-04-18,11.47
2016-04-19,10.815
2016-04-20,10.79
2016-04-21,10.78
2016-04-22,11.58
2016-04-25,11.9325
2016-04-26,12.1
2016-04-27,11.5425
2016-04-28,10.475
2016-04-29,11.48
2016-05-02,11.7275
2016-05-03,11.925
2016-05-04,11.7725
2016-05-05,11.485
2016-05-06,10.605
2016-05-09,9.9325
2016-05-10,10.11
2016-05-11,10.225
2016-05-12,10.02
2016-05-13,10.065
2016-05-16,11.89
2016-05-17,11.8025
2016-05-18,11.89
2016-05-19,11.715
2016-05-20,11.0975
2016-05-23,11.205
2016-05-24,11.31
2016-05-25,11.045
2016-05-26,10.975
2016-05-27,10.735
2016-05-30,11.615
2016-05-31,11.71
2016-06-01,12.13
2016-06-02,11.81
2016-06-03,11.955
2016-06-06,11.9725
2016-06-07,11.545
2016-06-08,11.72
2016-06-09,12.25
2016-06-10,13.225
2016-06-13,14.1125
2016-06-14,14.6225
2016-06-15,14.125
2016-06-16,13.86
2016-06-17,13.3875
2016-06-20,12.5775
2016-06-21,12.755
2016-06-22,13.8225
2016-06-23,12.0675
2016-06-24,15.2775
2016-06-27,15.09
2016-06-28,12.375
2016-06-29,11.83
2016-06-30,13.52
2016-07-01,13.3175
2016-07-04,13.395
2016-07-05,14.4375
2016-07-06,14.915
2016-07-07,14.17
2016-07-08,14.085
2016-07-11,14.565
2016-07-12,15.21
2016-07-13,14.775
2016-07-14,14.73
2016-07-15,15.125
2016-07-18,15.285
2016-07-19,15.49
2016-07-20,16.2225
2016-07-21,15.855
2016-07-22,15.63
2016-07-25,15.0525
2016-07-26,14.68
2016-07-27,14.065
2016-07-28,14.515
2016-07-29,11.31
2016-08-01,11.1825
2016-08-02,12.4
2016-08-03,11.51
2016-08-04,10.8975
2016-08-05,9.8325
2016-08-08,9.62
2016-08-09,9.41
2016-08-10,9.67
2016-08-11,9.48
2016-08-12,9.74
2016-08-15,9.845
2016-08-16,11.0
2016-08-17,10.8975
2016-08-18,11.145
2016-08-19,10.795
2016-08-22,14.3625
2016-08-23,14.885
2016-08-24,14.71
2016-08-25,13.935
2016-08-26,13.87
2016-08-29,14.485
2016-08-30,14.525
2016-08-31,14.2625
2016-09-01,13.625
2016-09-02,13.1375
2016-09-05,12.8775
2016-09-06,13.0
2016-09-07,12.885
2016-09-08,12.2675
2016-09-09,12.9675
2016-09-12,13.34
2016-09-13,13.735
2016-09-14,13.895
2016-09-15,12.5075
2016-09-16,12.0875
2016-09-19,12.2975
2016-09-20,12.41
2016-09-21,10.28
2016-09-22,10.1725
2016-09-23,9.75
2016-09-26,10.345
2016-09-27,10.165
2016-09-28,9.92
2016-09-29,10.97
2016-09-30,10.77
2016-10-03,10.8975
2016-10-04,11.305
2016-10-05,10.95
2016-10-06,12.04
2016-10-07,11.8225
2016-10-10,11.5725
2016-10-11,11.745
2016-10-12,11.6
2016-10-13,11.52
2016-10-14,11.0475
2016-10-17,11.2275
2016-10-18,10.675
2016-10-19,10.395
2016-10-20,9.62
2016-10-21,9.345
2016-10-24,9.3
2016-10-25,9.4
2016-10-26,9.605
2016-10-27,10.025
2016-10-28,10.1125
2016-10-31,10.43
2016-11-01,11.275
2016-11-02,12.1775
2016-11-03,12.2975
2016-11-04,12.4375
2016-11-07,11.53
2016-11-08,11.455
2016-11-09,11.055
2016-11-10,11.955
2016-11-11,11.625
2016-11-14,11.99
2016-11-15,12.5825
2016-11-16,12.735
2016-11-17,12.525
2016-11-18,13.6675
2016-11-21,13.535
2016-11-22,13.01
2016-11-23,13.375
2016-11-24,13.175
2016-11-25,12.9875
2016-11-28,13.275
2016-11-29,13.2
2016-11-30,13.515
2016-12-01,13.23
2016-12-02,12.77
2016-12-05,12.39
2016-12-06,12.02
2016-12-07,11.96
2016-12-08,11.68
2016-12-09,12.205
2016-12-12,12.315
2016-12-13,11.68
2016-12-14,11.4575
2016-12-15,12.245
2016-12-16,12.0825
2016-12-19,12.36
2016-12-20,11.555
2016-12-21,11.235
2016-12-22,10.8975
2016-12-23,11.2425
2016-12-26,11.64
2016-12-27,11.98
2016-12-28,12.285
2016-12-29,13.115
2016-12-30,13.1175
2017-01-02,13.57
2017-01-03,13.3775
2017-01-04,12.68
2017-01-05,13.175
2017-01-06,12.625
2017-01-09,13.04
2017-01-10,13.1275
2017-01-11,13.6
2017-01-12,13.3225
2017-01-13,12.81
2017-01-16,13.125
2017-01-17,13.1575
2017-01-18,12.785
2017-01-19,12.92
2017-01-20,12.245
2017-01-23,12.47
2017-01-24,12.305
2017-01-25,11.925
2017-01-26,11.9375
2017-01-27,12.025
2017-01-30,12.125
2017-01-31,12.3525
2017-02-01,12.11
2017-02-02,12.2325
2017-02-03,11.7975
2017-02-06,11.47
2017-02-07,11.6025
2017-02-08,11.46
2017-02-09,11.66
2017-02-10,11.66
2017-02-13,11.23
2017-02-14,10.715
2017-02-15,10.18
2017-02-16,10.98
2017-02-17,11.155
2017-02-20,11.16
2017-02-21,11.06
2017-02-22,11.115
2017-02-23,10.97
2017-02-24,10.36
2017-02-27,10.305
2017-02-28,10.325
2017-03-01,10.9
2017-03-02,10.605
2017-03-03,10.0925
2017-03-06,9.505
2017-03-07,9.295
2017-03-08,9.5925
2017-03-09,9.67
2017-03-10,9.445
2017-03-13,9.275
2017-03-14,9.27
2017-03-15,8.7775
2017-03-16,7.725
2017-03-17,8.055
2017-03-20,8.005
2017-03-21,8.6125
2017-03-22,9.185
2017-03-23,9.9175
2017-03-24,9.635
2017-03-27,9.8025
2017-03-28,9.44
2017-03-29,9.1175
2017-03-30,8.9375
2017-03-31,9.1075
2017-04-03,9.0
2017-04-04,9.1925
2017-04-05,9.1025
2017-04-06,10.885
2017-04-07,10.96
2017-04-10,11.1375
2017-04-11,11.625
2017-04-12,12.29
2017-04-13,11.76
2017-04-14,11.87
2017-04-17,12.515
2017-04-18,11.6775
2017-04-19,10.995
2017-04-20,10.505
2017-04-21,10.82
2017-04-24,8.765
2017-04-25,9.305
2017-04-26,9.25
2017-04-27,8.7825
2017-04-28,8.395
2017-05-01,8.485
2017-05-02,8.6125
2017-05-03,8.4475
2017-05-04,8.3625
2017-05-05,8.3325
2017-05-08,7.66
2017-05-09,8.4175
2017-05-10,8.24
2017-05-11,8.08
2017-05-12,7.8975
2017-05-15,8.3625
2017-05-16,8.425
2017-05-17,9.455
2017-05-18,10.01
2017-05-19,9.265
2017-05-22,8.8275
2017-05-23,8.9025
2017-05-24,8.765
2017-05-25,8.2225
2017-05-26,8.515
2017-05-29,8.4125
2017-05-30,8.665
2017-05-31,8.5425
2017-06-01,8.2375
2017-06-02,8.2475
2017-06-05,8.215
2017-06-06,8.7825
2017-06-07,8.605
2017-06-08,8.1425
2017-06-09,7.715
2017-06-12,8.035
2017-06-13,7.735
2017-06-14,7.81
2017-06-15,7.895
2017-06-16,7.785
2017-06-19,7.575
2017-06-20,7.84
2017-06-21,8.085
2017-06-22,7.72
2017-06-23,7.25
2017-06-26,7.19
2017-06-27,7.69
2017-06-28,7.665
2017-06-29,8.27
2017-06-30,8.125
2017-07-03,8.27
2017-07-04,8.24
2017-07-05,8.5275
2017-07-06,8.34
2017-07-07,8.2675
2017-07-10,7.9875
2017-07-11,8.05
2017-07-12,8.03
2017-07-13,7.735
2017-07-14,7.66
2017-07-17,7.705
2017-07-18,8.155
2017-07-19,8.0375
2017-07-20,7.82
2017-07-21,7.9475
2017-07-24,8.27
2017-07-25,8.215
2017-07-26,8.005
2017-07-27,8.295
2017-07-28,8.475
2017-07-31,8.905
2017-08-01,8.85
2017-08-02,8.865
2017-08-03,8.7
2017-08-04,8.31
2017-08-07,8.12
2017-08-08,8.05
2017-08-09,8.6625
2017-08-10,9.2275
2017-08-11,9.345
2017-08-14,8.6525
2017-08-15,8.515
2017-08-16,8.36
2017-08-17,8.345
2017-08-18,8.77
2017-08-21,9.305
2017-08-22,9.1125
2017-08-23,8.925
2017-08-24,8.46
2017-08-25,8.0
2017-08-28,7.925
2017-08-29,8.63
2017-08-30,8.595
2017-08-31,8.6775
2017-09-01,8.24
2017-09-04,9.075
2017-09-05,9.7475
2017-09-06,9.1925
2017-09-07,9.445
2017-09-08,9.8575
2017-09-11,9.05
2017-09-12,9.12
2017-09-13,9.385
2017-09-14,9.0975
2017-09-15,9.115
2017-09-18,9.57
2017-09-19,9.72
2017-09-20,9.265
2017-09-21,9.49
2017-09-22,9.655
2017-09-25,9.88
2017-09-26,9.78
2017-09-27,10.0775
2017-09-28,10.0675
2017-09-29,9.94
2017-10-02,9.835
2017-10-03,9.095
2017-10-04,9.04
2017-10-05,8.82
2017-10-06,8.885
2017-10-09,9.09
2017-10-10,9.0075
2017-10-11,8.87
2017-10-12,8.67
2017-10-13,8.46
2017-10-16,8.215
2017-10-17,8.1075
2017-10-18,8.3275
2017-10-19,8.345
2017-10-20,8.4825
2017-10-23,8.285
2017-10-24,8.205
2017-10-25,8.2625
2017-10-26,7.9425
2017-10-27,7.9575
2017-10-30,7.885
2017-10-31,7.685
2017-11-01,7.5875
2017-11-02,7.53
2017-11-03,7.145
2017-11-06,7.1375
2017-11-07,7.055
2017-11-08,7.185
2017-11-09,7.67
2017-11-10,7.53
2017-11-13,7.73
2017-11-14,8.215
2017-11-15,8.56
2017-11-16,7.9775
2017-11-17,8.2775
2017-11-20,8.21
2017-11-21,8.1925
2017-11-22,8.2
2017-11-23,8.145
2017-11-24,7.6775
2017-11-27,7.8725
2017-11-28,7.75
2017-11-29,7.91
2017-11-30,7.985
2017-12-01,8.37
2017-12-04,8.1
2017-12-05,7.89
2017-12-06,7.9325
2017-12-07,7.765
2017-12-08,7.51
2017-12-11,7.18
2017-12-12,6.7825
2017-12-13,6.64
2017-12-14,6.4
2017-12-15,6.425
2017-12-18,6.375
2017-12-19,6.2
2017-12-20,6.4025
2017-12-21,6.255
2017-12-22,6.0375
2017-12-25,6.235
2017-12-26,6.395
2017-12-27,6.165
2017-12-28,6.495
2017-12-29,6.46
2018-01-01,6.5775
2018-01-02,6.64
2018-01-03,6.345
2018-01-04,6.305
2018-01-05,6.0825
2018-01-08,5.98
2018-01-09,6.1925
2018-01-10,7.03
2018-01-11,6.6475
2018-01-12,6.9
2018-01-15,7.3825
2018-01-16,7.135
2018-01-17,7.2175
2018-01-18,7.165
2018-01-19,7.415
2018-01-22,7.06
2018-01-23,7.2
2018-01-24,7.935
2018-01-25,8.23
2018-01-26,8.54
2018-01-29,8.5175
2018-01-30,8.74
2018-01-31,7.88
2018-02-01,7.8125
2018-02-02,7.995
2018-02-05,9.5
2018-02-06,9.175
2018-02-07,9.035
2018-02-08,9.8725
2018-02-09,10.22
2018-02-12,9.095
2018-02-13,9.43
2018-02-14,9.74
2018-02-15,10.235
2018-02-16,9.905
2018-02-19,9.42
2018-02-20,9.21
2018-02-21,9.15
2018-02-22,9.57
2018-02-23,8.935
2018-02-26,8.615
2018-02-27,8.26
2018-02-28,8.43
2018-03-01,8.6
2018-03-02,9.12
2018-03-05,8.72
2018-03-06,8.5625
2018-03-07,8.6625
2018-03-08,8.17
2018-03-09,7.595
2018-03-12,7.9
2018-03-13,7.91
2018-03-14,8.005
2018-03-15,8.0725
2018-03-16,7.965
2018-03-19,8.48
2018-03-20,8.105
2018-03-21,7.585
2018-03-22,7.9075
2018-03-23,8.295
2018-03-26,7.9
2018-03-27,7.775
2018-03-28,7.875
2018-03-29,7.575
2018-03-30,7.415
2018-04-02,7.63
2018-04-03,7.535
2018-04-04,7.47
2018-04-05,7.465
2018-04-06,7.29
2018-04-09,7.3725
2018-04-10,7.3525
2018-04-11,7.2575
2018-04-12,7.0175
2018-04-13,6.97
2018-04-16,6.97
2018-04-17,6.785
2018-04-18,6.68
2018-04-19,6.3875
2018-04-20,6.63
2018-04-23,7.4675
2018-04-24,7.49
2018-04-25,7.27
2018-04-26,6.8025
2018-04-27,6.55
2018-04-30,6.6675
2018-05-01,6.9025
2018-05-02,6.79
2018-05-03,6.94
2018-05-04,6.695
2018-05-07,6.8225
2018-05-08,6.71
2018-05-09,6.825
2018-05-10,6.685
2018-05-11,6.3125
2018-05-14,6.53
2018-05-15,7.04
2018-05-16,6.985
2018-05-17,6.8725
2018-05-18,6.6825
2018-05-21,6.7625
2018-05-22,6.6975
2018-05-23,7.27
2018-05-24,7.43
2018-05-25,7.1475
2018-05-28,7.2525
2018-05-29,8.1575
2018-05-30,8.0
2018-05-31,7.645
2018-06-01,7.16
2018-06-04,6.995
2018-06-05,6.915
2018-06-06,6.84
2018-06-07,6.965
2018-06-08,7.28
2018-06-11,6.97
2018-06-12,6.815
2018-06-13,6.7
2018-06-14,6.47
2018-06-15,6.475
2018-06-18,6.615
2018-06-19,7.365
2018-06-20,6.755
2018-06-21,7.0025
2018-06-22,6.8275
2018-06-25,7.3125
2018-06-26,7.16
2018-06-27,7.33
2018-06-28,7.0775
2018-06-29,6.95
2018-07-02,7.19
2018-07-03,7.215
2018-07-04,7.075
2018-07-05,6.775
2018-07-06,6.37
2018-07-09,6.2
2018-07-10,6.5725
2018-07-11,7.1075
2018-07-12,7.01
2018-07-13,6.7725
2018-07-16,6.7925
2018-07-17,6.9025
2018-07-18,6.8475
2018-07-19,6.975
2018-07-20,7.5375
2018-07-23,7.755
2018-07-24,7.6275
2018-07-25,7.39
2018-07-26,7.3875
2018-07-27,7.305
2018-07-30,7.5475
2018-07-31,6.595
2018-08-01,6.6975
2018-08-02,6.5275
2018-08-03,6.375
2018-08-06,6.35
2018-08-07,6.1975
2018-08-08,6.2725
2018-08-09,6.25
2018-08-10,7.1125
2018-08-13,7.4975
2018-08-14,7.0225
2018-08-15,7.5025
2018-08-16,7.09
2018-08-17,7.1875
2018-08-20,7.1425
2018-08-21,6.94
2018-08-22,6.925
2018-08-23,6.7925
2018-08-24,6.515
2018-08-27,6.415
2018-08-28,6.2925
2018-08-29,6.3675
2018-08-30,6.85
2018-08-31,6.71
2018-09-03,6.6675
2018-09-04,6.78
2018-09-05,6.6575
2018-09-06,6.7125
2018-09-07,6.6425
2018-09-10,6.69
2018-09-11,6.68
2018-09-12,6.575
2018-09-13,6.445
2018-09-14,6.415
2018-09-17,6.35
2018-09-18,6.46
2018-09-19,6.445
2018-09-20,6.275
2018-09-21,6.35
2018-09-24,6.385
2018-09-25,6.41
2018-09-26,6.11
2018-09-27,6.2275
2018-09-28,6.145
2018-10-01,6.345
2018-10-02,6.365
2018-10-03,6.52
2018-10-04,7.015
2018-10-05,7.01
2018-10-08,7.475
2018-10-09,7.2225
2018-10-10,7.455
2018-10-11,7.375
2018-10-12,7.065
2018-10-15,7.2475
2018-10-16,6.74
2018-10-17,6.6675
2018-10-18,6.795
2018-10-19,6.49
2018-10-22,6.47
2018-10-23,6.84
2018-10-24,6.99
2018-10-25,6.81
2018-10-26,7.425
2018-10-29,7.2825
2018-10-30,7.12
2018-10-31,6.885
2018-11-01,6.7825
2018-11-02,6.67
2018-11-05,6.875
2018-11-06,7.025
2018-11-07,6.47
2018-11-08,6.32
2018-11-09,6.39
2018-11-12,6.68
2018-11-13,6.6525
2018-11-14,6.7575
2018-11-15,6.895
2018-11-16,6.9875
2018-11-19,6.995
2018-11-20,7.2325
2018-11-21,6.765
2018-11-22,6.6825
2018-11-23,6.67
2018-11-26,6.6025
2018-11-27,6.4875
2018-11-28,6.4825
2018-11-29,6.4925
2018-11-30,6.3425
2018-12-03,5.9875
2018-12-04,6.2375
2018-12-05,5.83
2018-12-06,6.5425
2018-12-07,6.215
2018-12-10,6.365
2018-12-11,6.255
2018-12-12,6.085
2018-12-13,5.685
2018-12-14,5.645
2018-12-17,6.08
2018-12-18,6.445
2018-12-19,6.245
2018-12-20,7.2375
2018-12-21,7.55
2018-12-24,8.07
2018-12-25,8.1575
2018-12-26,8.0425
2018-12-27,8.385
2018-12-28,8.4
2018-12-31,8.595
2019-01-01,8.68
2019-01-02,8.53
2019-01-03,9.9625
2019-01-04,8.9175
2019-01-07,8.31
2019-01-08,8.065
2019-01-09,8.215
2019-01-10,8.21
2019-01-11,7.9
2019-01-14,8.0575
2019-01-15,7.93
2019-01-16,7.625
2019-01-17,7.1775
2019-01-18,6.9175
2019-01-21,6.9575
2019-01-22,6.995
2019-01-23,6.7475
2019-01-24,6.5775
2019-01-25,6.4575
2019-01-28,6.7525
2019-01-29,6.8125
2019-01-30,6.595
2019-01-31,6.765
2019-02-01,6.3175
2019-02-04,6.285
2019-02-05,6.115
2019-02-06,6.2025
2019-02-07,6.405
2019-02-08,6.11
2019-02-11,6.055
2019-02-12,6.045
2019-02-13,6.01
2019-02-14,6.19
2019-02-15,6.145
2019-02-18,5.99
2019-02-19,5.7975
2019-02-20,5.69
2019-02-21,5.725
2019-02-22,5.445
2019-02-25,5.365
2019-02-26,5.5
2019-02-27,5.705
2019-02-28,5.58
2019-03-01,5.59
2019-03-04,5.67
2019-03-05,5.405
2019-03-06,5.4
2019-03-07,5.56
2019-03-08,5.745
2019-03-11,5.6275
2019-03-12,5.5375
2019-03-13,5.275
2019-03-14,5.245
2019-03-15,5.105
2019-03-18,5.075
2019-03-19,5.065
2019-03-20,5.405
2019-03-21,5.63
2019-03-22,6.275
2019-03-25,6.1175
2019-03-26,5.67
2019-03-27,5.9725
2019-03-28,6.385
2019-03-29,5.9475
2019-04-01,5.5225
2019-04-02,5.4
2019-04-03,5.315
2019-04-04,5.16
2019-04-05,4.86
2019-04-08,5.0275
2019-04-09,5.125
2019-04-10,5.055
2019-04-11,4.6725
2019-04-12,4.7475
2019-04-15,4.815
2019-04-16,4.73
2019-04-17,4.65
2019-04-18,4.515
2019-04-19,4.465
2019-04-22,4.6025
2019-04-23,4.735
2019-04-24,5.1325
2019-04-25,5.3925
2019-04-26,5.14
2019-04-29,5.07
2019-04-30,5.3875
2019-05-01,5.17
2019-05-02,4.95
2019-05-03,4.985
2019-05-06,5.735
2019-05-07,6.315
2019-05-08,6.51
2019-05-09,7.125
2019-05-10,6.3275
2019-05-13,7.13
2019-05-14,6.355
2019-05-15,6.3175
2019-05-16,5.8475
2019-05-17,6.01
2019-05-20,6.12
2019-05-21,5.7125
2019-05-22,5.6025
2019-05-23,6.31
2019-05-24,6.38
2019-05-27,6.295
2019-05-28,6.2175
2019-05-29,6.3675
2019-05-30,6.195
2019-05-31,6.895
2019-06-03,7.27
2019-06-04,7.27
2019-06-05,7.105
2019-06-06,6.965
2019-06-07,6.6175
2019-06-10,6.625
2019-06-11,6.51
2019-06-12,6.55
2019-06-13,6.2525
2019-06-14,6.26
2019-06-17,6.065
2019-06-18,6.215
2019-06-19,5.97
2019-06-20,6.225
2019-06-21,6.315
2019-06-24,6.435
2019-06-25,6.735
2019-06-26,6.405
2019-06-27,6.4325
2019-06-28,6.5875
2019-07-01,6.295
2019-07-02,6.0225
2019-07-03,6.0975
2019-07-04,5.87
2019-07-05,5.6725
2019-07-08,5.66
2019-07-09,5.675
2019-07-10,5.5225
2019-07-11,5.495
2019-07-12,5.6625
2019-07-15,5.87
2019-07-16,5.835
2019-07-17,5.9025
2019-07-18,6.22
2019-07-19,6.165
2019-07-22,6.0475
2019-07-23,5.96
2019-07-24,5.9175
2019-07-25,5.5375
2019-07-26,5.33
2019-07-29,5.43
2019-07-30,5.49
2019-07-31,5.0925
2019-08-01,6.255
2019-08-02,7.005
2019-08-05,8.065
2019-08-06,7.31
2019-08-07,7.89
2019-08-08,7.475
2019-08-09,8.005
2019-08-12,8.4
2019-08-13,7.5925
2019-08-14,8.415
2019-08-15,8.31
2019-08-16,7.855
2019-08-19,7.8875
2019-08-20,7.8025
2019-08-21,7.55
2019-08-22,7.5
2019-08-23,8.5
2019-08-26,8.45
2019-08-27,8.3125
2019-08-28,8.15
2019-08-29,7.85
2019-08-30,8.065
2019-09-02,7.91
2019-09-03,8.03
2019-09-04,7.4275
2019-09-05,6.91
2019-09-06,6.65
2019-09-09,6.465
2019-09-10,6.1975
2019-09-11,6.27
2019-09-12,6.33
2019-09-13,6.2175
2019-09-16,6.565
2019-09-17,6.5775
2019-09-18,6.205
2019-09-19,5.96
2019-09-20,5.855
2019-09-23,6.16
2019-09-24,6.51
2019-09-25,6.34
2019-09-26,6.165
2019-09-27,6.13
2019-09-30,6.55
2019-10-01,6.86
2019-10-02,7.275
2019-10-03,7.285
2019-10-04,6.74
2019-10-07,6.855
2019-10-08,7.07
2019-10-09,6.92
2019-10-10,6.72
2019-10-11,6.365
2019-10-14,6.195
2019-10-15,6.23
2019-10-16,5.91
2019-10-17,5.805
2019-10-18,5.72
2019-10-21,5.665
2019-10-22,5.535
2019-10-23,5.48
2019-10-24,5.355
2019-10-25,5.13
2019-10-28,5.22
2019-10-29,5.265
2019-10-30,5.02
2019-10-31,5.35
2019-11-01,5.07
2019-11-04,5.0
2019-11-05,5.105
2019-11-06,5.07
2019-11-07,5.095
2019-11-08,5.0
2019-11-11,5.04
2019-11-12,5.275
2019-11-13,5.495
2019-11-14,5.73
2019-11-15,5.37
2019-11-18,5.38
2019-11-19,5.355
2019-11-20,5.395
2019-11-21,5.33
2019-11-22,5.195
2019-11-25,5.03
2019-11-26,4.64
2019-11-27,4.475
2019-11-28,4.41
2019-11-29,4.4725
2019-12-02,4.8575
2019-12-03,5.5225
2019-12-04,5.3075
2019-12-05,4.8175
2019-12-06,4.925
2019-12-09,5.105
2019-12-10,5.205
2019-12-11,4.9225
2019-12-12,4.795
2019-12-13,4.67
2019-12-16,4.4575
2019-12-17,4.3475
2019-12-18,4.1825
2019-12-19,4.1425
2019-12-20,3.95
2019-12-23,3.945
2019-12-24,3.9225
2019-12-25,3.9375
2019-12-26,4.105
2019-12-27,4.39
2019-12-30,4.825
2019-12-31,5.36
2020-01-01,5.415
2020-01-02,4.995
2020-01-03,5.4875
2020-01-06,5.28
2020-01-07,5.04
2020-01-08,5.01
2020-01-09,4.8775
2020-01-10,4.8075
2020-01-13,4.85
2020-01-14,4.8375
2020-01-15,4.715
2020-01-16,4.365
2020-01-17,4.28
2020-01-20,4.275
2020-01-21,4.6025
2020-01-22,4.4825
2020-01-23,4.86
2020-01-24,4.96
2020-01-27,5.6725
2020-01-28,5.2225
2020-01-29,5.0175
2020-01-30,5.4125
2020-01-31,5.7775
2020-02-03,5.51
2020-02-04,4.995
2020-02-05,4.8475
2020-02-06,4.9
2020-02-07,4.97
2020-02-10,4.9675
2020-02-11,4.7575
2020-02-12,4.5425
2020-02-13,4.79
2020-02-14,4.6025
2020-02-17,4.5675
2020-02-18,4.53
2020-02-19,5.3175
2020-02-20,5.855
2020-02-21,6.0225
2020-02-24,6.8425
2020-02-25,6.8375
2020-02-26,6.7675
2020-02-27,7.195
2020-02-28,8.85
2020-03-02,9.355
2020-03-03,9.2175
2020-03-04,7.965
2020-03-05,9.78
2020-03-06,11.7975
2020-03-09,21.375
2020-03-10,16.7
2020-03-11,19.4275
2020-03-12,20.5
2020-03-13,16.615
2020-03-16,20.83
2020-03-17,18.165
2020-03-18,17.655
2020-03-19,17.65
2020-03-20,15.765
2020-03-23,15.84
2020-03-24,12.765
2020-03-25,11.14
2020-03-26,13.53
2020-03-27,14.435
2020-03-30,14.295
2020-03-31,13.17
2020-04-01,13.55
2020-04-02,12.4675
2020-04-03,11.78
2020-04-06,10.165
2020-04-07,9.315
2020-04-08,9.15
2020-04-09,8.52
2020-04-10,8.47
2020-04-13,9.335
2020-04-14,9.29
2020-04-15,8.655
2020-04-16,8.485
2020-04-17,8.385
2020-04-20,8.3225
2020-04-21,8.6075
2020-04-22,8.21
2020-04-23,7.8275
2020-04-24,7.7375
2020-04-27,7.705
2020-04-28,7.675
2020-04-29,7.46
2020-04-30,7.0925
2020-05-01,7.745
2020-05-04,7.915
2020-05-05,7.66
2020-05-06,7.7875
2020-05-07,7.7375
2020-05-08,7.235
2020-05-11,7.25
2020-05-12,6.9025
2020-05-13,6.8525
2020-05-14,6.7225
2020-05-15,6.525
2020-05-18,6.485
2020-05-19,6.26
2020-05-20,5.9375
2020-05-21,5.6675
2020-05-22,5.6975
2020-05-25,5.825
2020-05-26,5.41
2020-05-27,5.2575
2020-05-28,5.19
2020-05-29,5.3625
2020-06-01,5.3975
2020-06-02,5.78
2020-06-03,5.7625
2020-06-04,5.5975
2020-06-05,5.56
2020-06-08,6.3575
2020-06-09,6.8
2020-06-10,7.295
2020-06-11,7.255
2020-06-12,7.2325
2020-06-15,7.06
2020-06-16,6.505
2020-06-17,6.425
2020-06-18,6.66
2020-06-19,6.19
2020-06-22,5.65
2020-06-23,6.11
2020-06-24,6.16
2020-06-25,5.81
2020-06-26,5.82
2020-06-29,6.0
2020-06-30,5.815
2020-07-01,5.665
2020-07-02,5.41
2020-07-03,5.25
2020-07-06,5.395
2020-07-07,5.385
2020-07-08,5.355
2020-07-09,5.27
2020-07-10,5.51
2020-07-13,5.505
2020-07-14,5.47
2020-07-15,5.425
2020-07-16,5.145
2020-07-17,5.08
2020-07-20,5.08
2020-07-21,5.21
2020-07-22,5.265
2020-07-23,5.37
2020-07-24,6.635
2020-07-27,7.775
2020-07-28,7.515
2020-07-29,7.63
2020-07-30,6.99
2020-07-31,7.295
2020-08-03,7.38
2020-08-04,6.99
2020-08-05,7.31
2020-08-06,7.29
2020-08-07,6.65
2020-08-10,6.345
2020-08-11,6.375
2020-08-12,6.455
2020-08-13,6.17
2020-08-14,6.1425
2020-08-17,6.5875
2020-08-18,6.925
2020-08-19,6.815
2020-08-20,6.615
2020-08-21,6.45
2020-08-24,6.4
2020-08-25,6.44
2020-08-26,6.515
2020-08-27,6.18
2020-08-28,7.4675
2020-08-31,7.445
2020-09-01,7.075
2020-09-02,6.8
2020-09-03,6.78
2020-09-04,6.48
2020-09-07,6.465
2020-09-08,6.7
2020-09-09,6.365
2020-09-10,5.895
2020-09-11,5.705
2020-09-14,5.955
2020-09-15,5.955
2020-09-16,5.98
2020-09-17,6.13
2020-09-18,6.365
2020-09-21,6.905
2020-09-22,6.485
2020-09-23,6.3
2020-09-24,6.275
2020-09-25,6.02
2020-09-28,6.05
2020-09-29,5.89
2020-09-30,5.54
2020-10-01,5.6325
2020-10-02,7.61
2020-10-05,7.715
2020-10-06,7.6075
2020-10-07,7.55
2020-10-08,7.33
2020-10-09,7.31
2020-10-12,7.5675
2020-10-13,7.49
2020-10-14,7.44
2020-10-15,7.245
2020-10-16,7.07
2020-10-19,7.09
2020-10-20,7.19
2020-10-21,7.98
2020-10-22,7.565
2020-10-23,7.405
2020-10-26,7.64
2020-10-27,8.09
2020-10-28,8.5775
2020-10-29,8.2025
2020-10-30,7.9875
2020-11-02,8.0125
2020-11-03,7.9125
2020-11-04,6.4975
2020-11-05,6.5775
2020-11-06,6.655
2020-11-09,6.695
2020-11-10,6.525
2020-11-11,6.005
2020-11-12,6.035
2020-11-13,6.21
2020-11-16,6.055
2020-11-17,6.455
2020-11-18,6.68
2020-11-19,6.395
2020-11-20,6.08
2020-11-23,6.225
2020-11-24,6.16
2020-11-25,5.905
2020-11-26,5.65
2020-11-27,5.66
2020-11-30,5.775
2020-12-01,5.66
2020-12-02,5.865
2020-12-03,5.875
2020-12-04,5.885
2020-12-07,6.125
2020-12-08,6.1
2020-12-09,5.965
2020-12-10,5.905
2020-12-11,6.1
2020-12-14,6.235
2020-12-15,6.185
2020-12-16,6.15
2020-12-17,6.34
2020-12-18,6.245
2020-12-21,6.645
2020-12-22,6.4425
2020-12-23,6.1825
2020-12-24,5.865
2020-12-25,5.98
2020-12-28,6.065
2020-12-29,5.98
2020-12-30,6.265
2020-12-31,6.3025
2021-01-01,6.29
2021-01-04,6.625
2021-01-05,6.56
2021-01-06,6.2
2021-01-07,5.99
2021-01-08,6.08
2021-01-11,6.395
2021-01-12,6.08
2021-01-13,6.005
2021-01-14,5.755
2021-01-15,5.735
2021-01-18,5.99
2021-01-19,5.8
2021-01-20,5.5
2021-01-21,5.37
2021-01-22,5.235
2021-01-25,5.09
2021-01-26,5.035
2021-01-27,5.305
2021-01-28,5.095
2021-01-29,5.275
2021-02-01,5.405
2021-02-02,5.335
2021-02-03,5.02
2021-02-04,5.24
2021-02-05,5.12
2021-02-08,5.05
2021-02-09,5.295
2021-02-10,5.22
2021-02-11,5.08
2021-02-12,5.075
2021-02-15,5.295
2021-02-16,5.885
2021-02-17,5.805
2021-02-18,5.755
2021-02-19,5.735
2021-02-22,6.22
2021-02-23,6.065
2021-02-24,6.245
2021-02-25,6.78
2021-02-26,6.96
2021-03-01,6.055
2021-03-02,5.9325
2021-03-03,6.0275
2021-03-04,6.2875
2021-03-05,6.2475
2021-03-08,6.6425
2021-03-09,6.66
2021-03-10,6.495
2021-03-11,6.095
2021-03-12,6.5175
2021-03-15,6.7975
2021-03-16,6.5975
2021-03-17,5.88
2021-03-18,5.9725
2021-03-19,5.84
2021-03-22,5.775
2021-03-23,5.95
2021-03-24,5.79
2021-03-25,5.725
2021-03-26,5.765
2021-03-29,5.98
2021-03-30,6.46
2021-03-31,6.395
2021-04-01,6.02
2021-04-02,5.96
2021-04-05,6.075
2021-04-06,6.295
2021-04-07,6.28
2021-04-08,6.05
2021-04-09,5.79
2021-04-12,5.7225
2021-04-13,5.6425
2021-04-14,5.54
2021-04-15,5.425
2021-04-16,5.275
2021-04-19,5.7225
2021-04-20,5.7925
2021-04-21,5.79
2021-04-22,5.4525
2021-04-23,5.3925
2021-04-26,5.415
2021-04-27,5.565
2021-04-28,5.595
2021-04-29,5.625
2021-04-30,5.495
2021-05-03,5.66
2021-05-04,5.7175
2021-05-05,5.55
2021-05-06,5.565
2021-05-07,5.64
2021-05-10,5.72
2021-05-11,5.82
2021-05-12,5.95
2021-05-13,5.635
2021-05-14,5.37
2021-05-17,5.645
2021-05-18,5.68
2021-05-19,5.87
2021-05-20,5.565
2021-05-21,5.45
2021-05-24,5.55
2021-05-25,5.55
2021-05-26,5.435
2021-05-27,5.64
2021-05-28,5.47
2021-05-31,5.5425
2021-06-01,5.7725
2021-06-02,5.6825
2021-06-03,5.5725
2021-06-04,5.395
2021-06-07,5.3375
2021-06-08,5.23
2021-06-09,5.2775
2021-06-10,4.9525
2021-06-11,4.88
2021-06-14,5.055
2021-06-15,5.22
2021-06-16,5.235
2021-06-17,5.28
2021-06-18,5.1975
2021-06-21,5.2675
2021-06-22,5.2525
2021-06-23,5.4025
2021-06-24,5.0725
2021-06-25,4.905
2021-06-28,5.0675
2021-06-29,5.3475
2021-06-30,5.44
2021-07-01,5.5525
2021-07-02,5.0025
2021-07-05,5.14
2021-07-06,5.315
2021-07-07,5.32
2021-07-08,5.73
2021-07-09,5.2425
2021-07-12,5.2625
2021-07-13,5.1625
2021-07-14,5.1525
2021-07-15,5.2
2021-07-16,5.14
2021-07-19,5.79
2021-07-20,5.59
2021-07-21,5.3625
2021-07-22,5.375
2021-07-23,5.2025
2021-07-26,5.3875
2021-07-27,5.68
2021-07-28,5.3925
2021-07-29,5.415
2021-07-30,5.365
2021-08-02,5.5625
2021-08-03,5.6375
2021-08-04,5.6575
2021-08-05,5.5175
2021-08-06,5.46
2021-08-09,5.555
2021-08-10,5.5675
2021-08-11,5.2475
2021-08-12,5.05
2021-08-13,5.085
2021-08-16,5.3575
2021-08-17,5.35
2021-08-18,5.2675
2021-08-19,5.34
2021-08-20,5.16
2021-08-23,5.4375
2021-08-24,5.315
2021-08-25,5.2175
2021-08-26,5.205
2021-08-27,5.0925
2021-08-30,5.2375
2021-08-31,5.265
2021-09-01,5.3475
2021-09-02,5.065
2021-09-03,5.0525
2021-09-06,5.135
2021-09-07,5.265
2021-09-08,5.3025
2021-09-09,5.0425
2021-09-10,4.8775
2021-09-13,4.9
2021-09-14,4.94
2021-09-15,5.1125
2021-09-16,5.0
2021-09-17,5.035
2021-09-20,5.5825
2021-09-21,5.5875
2021-09-22,5.2075
2021-09-23,5.065
2021-09-24,5.2575
2021-09-27,5.5275
2021-09-28,5.8275
2021-09-29,5.8725
2021-09-30,5.625
2021-10-01,5.685
2021-10-04,5.8975
2021-10-05,5.9175
2021-10-06,5.95
2021-10-07,5.6775
2021-10-08,5.8375
2021-10-11,6.385
2021-10-12,6.67
2021-10-13,6.33
2021-10-14,6.1025
2021-10-15,6.5875
2021-10-18,6.5525
2021-10-19,6.3975
2021-10-20,6.3775
2021-10-21,6.4575
2021-10-22,6.5325
2021-10-25,6.5175
2021-10-26,6.2825
2021-10-27,6.2525
2021-10-28,6.3025
2021-10-29,6.355
2021-11-01,6.505
2021-11-02,6.52
2021-11-03,6.105
2021-11-04,5.9775
2021-11-05,5.765
2021-11-08,5.845
2021-11-09,5.9275
2021-11-10,6.195
2021-11-11,6.065
2021-11-12,6.0525
2021-11-15,6.175
2021-11-16,7.0325
2021-11-17,7.1125
2021-11-18,6.875
2021-11-19,7.13
2021-11-22,7.305
2021-11-23,7.4425
2021-11-24,7.43
2021-11-25,6.92
2021-11-26,8.81
2021-11-29,7.975
2021-11-30,8.175
2021-12-01,7.835
2021-12-02,7.5125
2021-12-03,7.5675
2021-12-06,7.435
2021-12-07,7.255
2021-12-08,7.055
2021-12-09,7.085
2021-12-10,6.75
2021-12-13,6.675
2021-12-14,6.595
2021-12-15,6.12
2021-12-16,5.5875
2021-12-17,5.875
2021-12-20,6.03
2021-12-21,5.86
2021-12-22,5.6325
2021-12-23,5.3775
2021-12-24,5.435
2021-12-27,5.735
2021-12-28,5.735
2021-12-29,5.6325
2021-12-30,5.585
2021-12-31,5.4025
2022-01-03,5.5575
2022-01-04,5.915
2022-01-05,5.665
2022-01-06,5.885
2022-01-07,5.7325
2022-01-10,6.0325
2022-01-11,5.8825
2022-01-12,5.9575
2022-01-13,6.0125
2022-01-14,6.3
2022-01-17,6.14
2022-01-18,6.22
2022-01-19,6.15
2022-01-20,6.03
2022-01-21,6.24
2022-01-24,6.615
2022-01-25,6.345
2022-01-26,5.83
2022-01-27,6.125
2022-01-28,6.075
2022-01-31,5.945
2022-02-01,5.87
2022-02-02,5.99
2022-02-03,6.03
2022-02-04,5.945
2022-02-07,5.845
2022-02-08,5.855
2022-02-09,5.88
2022-02-10,6.195
2022-02-11,7.53
2022-02-14,7.125
2022-02-15,6.525
2022-02-16,6.31
2022-02-17,7.17
2022-02-18,7.13
2022-02-21,7.185
2022-02-22,6.755
2022-02-23,6.42
2022-02-24,6.795
2022-02-25,6.375
2022-02-28,6.96
2022-03-01,7.68
2022-03-02,7.23
2022-03-03,7.075
2022-03-04,8.13
2022-03-07,8.195
2022-03-08,7.875
2022-03-09,7.095
2022-03-10,6.935
2022-03-11,7.23
2022-03-14,7.845
2022-03-15,7.65
2022-03-16,7.075
2022-03-17,6.72
2022-03-18,6.995
2022-03-21,6.955
2022-03-22,7.565
2022-03-23,7.765
2022-03-24,8.935
2022-03-25,8.275
2022-03-28,10.685
2022-03-29,9.63
2022-03-30,9.465
2022-03-31,9.17
2022-04-01,9.365
2022-04-04,9.15
2022-04-05,9.11
2022-04-06,9.33
2022-04-07,8.765
2022-04-08,8.97
2022-04-11,9.975
2022-04-12,9.555
2022-04-13,9.8
2022-04-14,9.165
2022-04-15,9.51
2022-04-18,9.955
2022-04-19,11.25
2022-04-20,10.975
2022-04-21,10.48
2022-04-22,10.655
2022-04-25,11.575
2022-04-26,11.705
2022-04-27,11.42
2022-04-28,12.84
2022-04-29,11.94
2022-05-02,12.135
2022-05-03,12.06
2022-05-04,10.62
2022-05-05,11.525
2022-05-06,11.275
2022-05-09,11.785
2022-05-10,11.14
2022-05-11,10.725
2022-05-12,11.99
2022-05-13,11.485
2022-05-16,11.865
2022-05-17,10.98
2022-05-18,11.335
2022-05-19,11.605
2022-05-20,10.98
2022-05-23,10.585
2022-05-24,11.07
2022-05-25,10.47
2022-05-26,10.325
2022-05-27,9.495
2022-05-30,9.37
2022-05-31,9.6
2022-06-01,10.015
2022-06-02,9.6225
2022-06-03,9.635
2022-06-06,10.985
2022-06-07,11.185
2022-06-08,12.24
2022-06-09,12.05
2022-06-10,11.79
2022-06-13,13.885
2022-06-14,14.335
2022-06-15,14.285
2022-06-16,15.84
2022-06-17,12.4975
2022-06-20,12.325
2022-06-21,13.465
2022-06-22,13.62
2022-06-23,13.425
2022-06-24,12.4975
2022-06-27,12.225
2022-06-28,12.205
2022-06-29,13.305
2022-06-30,12.99
2022-07-01,13.41
2022-07-04,13.24
2022-07-05,13.175
2022-07-06,13.035
2022-07-07,11.9
2022-07-08,11.365
2022-07-11,12.42
2022-07-12,12.175
2022-07-13,11.75
2022-07-14,12.555
2022-07-15,12.075
2022-07-18,12.1175
2022-07-19,11.775
2022-07-20,10.7925
2022-07-21,10.29
2022-07-22,10.7825
2022-07-25,10.79
2022-07-26,10.325
2022-07-27,9.895
2022-07-28,10.77
2022-07-29,11.31
2022-08-01,11.565
2022-08-02,11.795
2022-08-03,11.82
2022-08-04,11.085
2022-08-05,10.815
2022-08-08,10.875
2022-08-09,10.385
2022-08-10,9.955
2022-08-11,9.975
2022-08-12,9.695
2022-08-15,10.11
2022-08-16,10.38
2022-08-17,10.82
2022-08-18,10.92
2022-08-19,11.575
2022-08-22,12.05
2022-08-23,11.805
2022-08-24,11.78
2022-08-25,12.06
2022-08-26,11.595
2022-08-29,12.135
2022-08-30,11.89
2022-08-31,11.695
2022-09-01,12.1425
2022-09-02,11.77
2022-09-05,11.975
2022-09-06,13.44
2022-09-07,14.37
2022-09-08,13.67
2022-09-09,13.39
2022-09-12,13.67
2022-09-13,13.935
2022-09-14,14.06
2022-09-15,13.525
2022-09-16,13.19
2022-09-19,13.385
2022-09-20,13.0175
2022-09-21,12.75
2022-09-22,12.9375
2022-09-23,12.69
2022-09-26,13.3075
2022-09-27,12.48
2022-09-28,12.645
2022-09-29,12.535
2022-09-30,12.08
2022-10-03,12.285
2022-10-04,11.31
2022-10-05,11.5275
2022-10-06,11.36
2022-10-07,11.3725
2022-10-10,11.805
2022-10-11,11.91
2022-10-12,13.1125
2022-10-13,12.57
2022-10-14,13.8225
2022-10-17,13.965
2022-10-18,14.0625
2022-10-19,14.205
2022-10-20,14.085
2022-10-21,15.685
2022-10-24,14.52
2022-10-25,13.69
2022-10-26,13.585
2022-10-27,13.465
2022-10-28,12.85
2022-10-31,13.035
2022-11-01,12.83
2022-11-02,12.125
2022-11-03,12.14
2022-11-04,11.5925
2022-11-07,11.485
2022-11-08,11.135
2022-11-09,11.1475
2022-11-10,11.3125
2022-11-11,13.26
2022-11-14,13.335
2022-11-15,13.6925
2022-11-16,13.285
2022-11-17,12.8425
2022-11-18,12.5825
2022-11-21,13.06
2022-11-22,12.89
2022-11-23,13.6025
2022-11-24,13.89
2022-11-25,13.71
2022-11-28,14.2825
2022-11-29,13.97
2022-11-30,13.955
2022-12-01,14.4125
2022-12-02,13.755
2022-12-05,13.56
2022-12-06,13.77
2022-12-07,13.8
2022-12-08,12.935
2022-12-09,12.38
2022-12-12,12.405
2022-12-13,11.3775
2022-12-14,10.385
2022-12-15,10.28
2022-12-16,10.87
2022-12-19,11.415
2022-12-20,13.665
2022-12-21,13.0175
2022-12-22,12.6525
2022-12-23,12.7425
2022-12-26,13.335
2022-12-27,13.355
2022-12-28,13.38
2022-12-29,13.5225
2022-12-30,14.21
2023-01-02,14.8125
2023-01-03,14.89
2023-01-04,14.73
2023-01-05,14.505
2023-01-06,14.2
2023-01-09,14.4625
2023-01-10,13.86
2023-01-11,14.13
2023-01-12,15.73
2023-01-13,16.145
2023-01-16,16.7325
2023-01-17,15.935
2023-01-18,13.355
2023-01-19,12.805
2023-01-20,12.26
2023-01-23,12.57
2023-01-24,12.61
2023-01-25,12.655
2023-01-26,12.98
2023-01-27,12.925
2023-01-30,13.03
2023-01-31,13.03
2023-02-01,12.17
2023-02-02,12.05
2023-02-03,12.195
2023-02-06,12.155
2023-02-07,12.095
2023-02-08,12.1
2023-02-09,12.29
2023-02-10,14.255
2023-02-13,13.935
2023-02-14,13.165
2023-02-15,13.365
2023-02-16,13.015
2023-02-17,12.835
2023-02-20,13.175
2023-02-21,12.52
2023-02-22,12.765
2023-02-23,13.0
2023-02-24,12.18
2023-02-27,12.175
2023-02-28,12.13
2023-03-01,12.215
2023-03-02,11.88
2023-03-03,11.83
2023-03-06,12.285
2023-03-07,12.405
2023-03-08,12.85
2023-03-09,13.39
2023-03-10,12.79
2023-03-13,14.085
2023-03-14,12.99
2023-03-15,13.995
2023-03-16,12.655
2023-03-17,13.0
2023-03-20,13.495
2023-03-21,12.95
2023-03-22,12.02
2023-03-23,11.955
2023-03-24,12.365
2023-03-27,12.055
2023-03-28,11.8
2023-03-29,11.695
2023-03-30,13.265
2023-03-31,13.02
2023-04-03,12.875
2023-04-04,12.695
2023-04-05,13.02
2023-04-06,12.775
2023-04-07,12.53
2023-04-10,12.86
2023-04-11,12.1475
2023-04-12,11.55
2023-04-13,10.76
2023-04-14,10.83
2023-04-17,10.815
2023-04-18,10.84
2023-04-19,10.735
2023-04-20,10.43
2023-04-21,10.47
2023-04-24,10.54
2023-04-25,10.975
2023-04-26,10.945
2023-04-27,10.825
2023-04-28,9.515
2023-05-01,9.605
2023-05-02,10.21
2023-05-03,10.355
2023-05-04,10.775
2023-05-05,10.16
2023-05-08,10.0
2023-05-09,9.5
2023-05-10,9.37
2023-05-11,9.425
2023-05-12,9.175
2023-05-15,10.67
2023-05-16,10.245
2023-05-17,10.23
2023-05-18,10.2
2023-05-19,10.525
2023-05-22,10.655
2023-05-23,10.86
2023-05-24,10.775
2023-05-25,10.805
2023-05-26,10.755
2023-05-29,10.785
2023-05-30,10.925
2023-05-31,10.82
2023-06-01,10.23
2023-06-02,9.65
2023-06-05,9.765
2023-06-06,9.545
2023-06-07,9.37
2023-06-08,9.08
2023-06-09,8.68
2023-06-12,8.775
2023-06-13,8.955
2023-06-14,8.97
2023-06-15,9.435
2023-06-16,8.67
2023-06-19,9.09
2023-06-20,8.925
2023-06-21,8.695
2023-06-22,8.585
2023-06-23,9.005
2023-06-26,9.205
2023-06-27,9.52
2023-06-28,9.735
2023-06-29,10.78
2023-06-30,10.695
2023-07-03,10.535
2023-07-04,10.215
2023-07-05,10.155
2023-07-06,10.125
2023-07-07,10.28
2023-07-10,10.885
2023-07-11,11.295
2023-07-12,11.2
2023-07-13,10.705
2023-07-14,10.8725
2023-07-17,11.07
2023-07-18,10.965
2023-07-19,11.59
2023-07-20,11.325
2023-07-21,10.945
2023-07-24,11.05
2023-07-25,11.045
2023-07-26,11.515
2023-07-27,12.175
2023-07-28,9.755
2023-07-31,9.92
2023-08-01,9.86
2023-08-02,10.06
2023-08-03,10.08
2023-08-04,9.63
2023-08-07,9.585
2023-08-08,9.5125
2023-08-09,9.085
2023-08-10,8.82
2023-08-11,8.815
2023-08-14,9.24
2023-08-15,9.345
2023-08-16,9.395
2023-08-17,9.255
2023-08-18,9.255
2023-08-21,9.37
2023-08-22,9.11
2023-08-23,9.195
2023-08-24,9.61
2023-08-25,9.335
2023-08-28,9.1
2023-08-29,9.155
2023-08-30,9.15
2023-08-31,9.165
2023-09-01,9.05
2023-09-04,9.07
2023-09-05,9.135
2023-09-06,9.19
2023-09-07,9.27
2023-09-08,9.115
2023-09-11,9.67
2023-09-12,9.695
2023-09-13,9.475
2023-09-14,9.05
2023-09-15,9.085
2023-09-18,9.06
2023-09-19,8.665
2023-09-20,8.71
2023-09-21,9.065
2023-09-22,7.99
2023-09-25,7.91
2023-09-26,8.395
2023-09-27,8.86
2023-09-28,9.2
2023-09-29,8.71
2023-10-02,9.02
2023-10-03,9.81
2023-10-04,9.405
2023-10-05,9.215
2023-10-06,8.845
2023-10-09,9.065
2023-10-10,8.975
2023-10-11,8.705
2023-10-12,8.54
2023-10-13,8.51
2023-10-16,8.145
2023-10-17,7.775
2023-10-18,7.775
2023-10-19,7.86
2023-10-20,8.345
2023-10-23,8.315
2023-10-24,7.99
2023-10-25,8.07
2023-10-26,8.34
2023-10-27,8.065
2023-10-30,8.045
2023-10-31,8.915
2023-11-01,7.99
2023-11-02,7.555
2023-11-03,7.21
2023-11-06,7.2
2023-11-07,7.24
2023-11-08,7.24
2023-11-09,7.2
2023-11-10,7.2
2023-11-13,7.685
2023-11-14,7.55
2023-11-15,7.26
2023-11-16,6.935
2023-11-17,8.165
2023-11-20,8.81
2023-11-21,8.965
2023-11-22,8.815
2023-11-23,8.76
2023-11-24,8.1075
2023-11-27,8.3075
2023-11-28,8.8
2023-11-29,8.9
2023-11-30,9.105
2023-12-01,8.75
2023-12-04,9.125
2023-12-05,8.945
2023-12-06,8.575
2023-12-07,10.985
2023-12-08,10.46
2023-12-11,10.415
2023-12-12,10.56
2023-12-13,10.795
2023-12-14,11.58
2023-12-15,11.495
2023-12-18,11.305
2023-12-19,9.085
2023-12-20,8.67
2023-12-21,10.4
2023-12-22,10.49
2023-12-25,10.88
2023-12-26,10.88
2023-12-27,10.29
2023-12-28,10.97
2023-12-29,10.69
2024-01-01,11.06
2024-01-02,10.8175
2024-01-03,10.9075
2024-01-04,10.815
2024-01-05,10.43
2024-01-08,10.675
2024-01-09,10.365
2024-01-10,10.21
2024-01-11,9.485
2024-01-12,9.375
2024-01-15,9.41
2024-01-16,9.52
2024-01-17,9.735
2024-01-18,9.235
2024-01-19,9.245
2024-01-22,9.23
2024-01-23,8.6075
2024-01-24,8.875
2024-01-25,8.45
2024-01-26,8.215
2024-01-29,8.425
2024-01-30,8.4125
2024-01-31,8.915
2024-02-01,9.0175
2024-02-02,8.4075
2024-02-05,8.44
2024-02-06,8.31
2024-02-07,8.3875
2024-02-08,8.1675
2024-02-09,7.7875
2024-02-12,7.8025
2024-02-13,8.2275
2024-02-14,7.88
2024-02-15,7.57
2024-02-16,7.1325
2024-02-19,7.18
2024-02-20,7.73
2024-02-21,7.945
2024-02-22,7.64
2024-02-23,7.425
2024-02-26,7.335
2024-02-27,7.55
2024-02-28,7.67
2024-02-29,8.04
2024-03-01,7.6675
2024-03-04,7.605
2024-03-05,7.8
2024-03-06,8.385
2024-03-07,8.865
2024-03-08,8.925
2024-03-11,9.2
2024-03-12,8.7475
2024-03-13,8.4775
2024-03-14,8.2575
2024-03-15,7.81
2024-03-18,7.555
2024-03-19,7.1225
2024-03-20,7.3675
2024-03-21,7.41
2024-03-22,7.8775
2024-03-25,7.315
2024-03-26,6.905
2024-03-27,7.3675
2024-03-28,7.635
2024-03-29,7.685
2024-04-01,7.95
2024-04-02,7.795
2024-04-03,7.5425
2024-04-04,7.69
2024-04-05,7.525
2024-04-08,7.8075
2024-04-09,7.8
2024-04-10,8.955
2024-04-11,8.5975
2024-04-12,8.7525
2024-04-15,9.35
2024-04-16,10.01
2024-04-17,9.4375
2024-04-18,8.5475
2024-04-19,8.65
2024-04-22,8.4775
2024-04-23,8.6425
2024-04-24,9.49
2024-04-25,9.73
2024-04-26,10.97
2024-04-29,10.475
2024-04-30,10.2875
2024-05-01,10.4375
2024-05-02,10.55
2024-05-03,9.545
2024-05-06,9.035
2024-05-07,8.79
2024-05-08,9.0575
2024-05-09,8.82
2024-05-10,8.59
2024-05-13,8.825
2024-05-14,8.975
2024-05-15,8.5925
2024-05-16,8.78
2024-05-17,8.555
2024-05-20,8.745
2024-05-21,8.615
2024-05-22,8.545
2024-05-23,8.4425
2024-05-24,8.38
2024-05-27,8.44
2024-05-28,8.32
2024-05-29,8.6025
2024-05-30,8.515
2024-05-31,8.3275
2024-06-03,8.515
2024-06-04,9.2475
2024-06-05,8.86
2024-06-06,8.705
2024-06-07,8.695
2024-06-10,8.8325
2024-06-11,8.97
2024-06-12,8.615
2024-06-13,8.225
2024-06-14,8.25
2024-06-17,8.0
2024-06-18,7.875
2024-06-19,7.54
2024-06-20,7.8425
2024-06-21,8.33
2024-06-24,8.77
2024-06-25,8.355
2024-06-26,8.9475
2024-06-27,8.8975
2024-06-28,9.5025
2024-07-01,10.1725
2024-07-02,9.845
2024-07-03,9.54
2024-07-04,9.26
2024-07-05,8.925
2024-07-08,8.95
2024-07-09,8.645
2024-07-10,8.525
2024-07-11,9.055
2024-07-12,9.185
2024-07-15,9.47
2024-07-16,9.02
2024-07-17,9.91
2024-07-18,9.585
2024-07-19,9.35
2024-07-22,9.44
2024-07-23,9.95
2024-07-24,10.3425
2024-07-25,10.55
2024-07-26,10.32
2024-07-29,10.73
2024-07-30,11.075
2024-07-31,11.52
2024-08-01,11.18
2024-08-02,11.8625
2024-08-05,15.61
2024-08-06,14.5375
2024-08-07,14.695
2024-08-08,13.745
2024-08-09,13.535
2024-08-12,13.18
2024-08-13,13.215
2024-08-14,12.19
2024-08-15,10.515
2024-08-16,10.63
2024-08-19,12.055
2024-08-20,12.605
2024-08-21,12.8875
2024-08-22,12.33
2024-08-23,12.2925
2024-08-26,12.6525
2024-08-27,12.545
2024-08-28,12.575
2024-08-29,12.195
2024-08-30,11.63
2024-09-02,11.93
2024-09-03,12.555
2024-09-04,12.99
2024-09-05,13.2175
2024-09-06,12.8475
2024-09-09,12.36
2024-09-10,12.4625
2024-09-11,12.4075
2024-09-12,11.9525
2024-09-13,12.51
2024-09-16,13.02
2024-09-17,12.6125
2024-09-18,12.2525
2024-09-19,11.7975
2024-09-20,11.4475
2024-09-23,11.5825
2024-09-24,11.6225
2024-09-25,12.215
2024-09-26,11.97
2024-09-27,11.51
2024-09-30,12.26
2024-10-01,12.645
2024-10-02,12.66
2024-10-03,12.4375
2024-10-04,13.015
2024-10-07,13.48
2024-10-08,12.94
2024-10-09,12.785
2024-10-10,12.28
2024-10-11,11.83
2024-10-14,11.8
2024-10-15,11.855
2024-10-16,11.7925
2024-10-17,11.53
2024-10-18,11.525
2024-10-21,11.8675
2024-10-22,11.9925
2024-10-23,13.3
2024-10-24,12.705
2024-10-25,12.955
2024-10-28,13.3875
2024-10-29,13.7275
2024-10-30,13.3
2024-10-31,12.865
2024-11-01,12.6925
2024-11-04,13.175
2024-11-05,12.935
2024-11-06,10.89
2024-11-07,10.3
2024-11-08,9.8975
2024-11-11,10.1425
2024-11-12,10.3275
2024-11-13,9.9775
2024-11-14,9.9375
2024-11-15,10.6225
2024-11-18,10.345
2024-11-19,11.4
2024-11-20,11.53
2024-11-21,11.67
2024-11-22,11.4825
2024-11-25,11.455
2024-11-26,11.49
2024-11-27,11.9975
2024-11-28,11.685
2024-11-29,12.2525
2024-12-02,12.905
2024-12-03,13.115
2024-12-04,12.9475
2024-12-05,11.3475
2024-12-06,10.92
2024-12-09,10.86
2024-12-10,10.6975
2024-12-11,10.2175
2024-12-12,9.8575
2024-12-13,9.815
2024-12-16,9.97
2024-12-17,10.18
2024-12-18,10.0875
2024-12-19,9.97
2024-12-20,10.01
2024-12-23,10.185
2024-12-24,10.105
2024-12-25,10.215
2024-12-26,10.705
2024-12-27,10.565
2024-12-30,10.79
2024-12-31,10.825
2025-01-01,10.92
2025-01-02,11.0175
2025-01-03,10.5075
2025-01-06,10.475
2025-01-07,10.23
2025-01-08,10.565
2025-01-09,10.5125
2025-01-10,10.7075
2025-01-13,11.335
2025-01-14,10.86
2025-01-15,11.01
2025-01-16,10.6375
2025-01-17,10.4625
2025-01-20,10.175
2025-01-21,9.745
2025-01-22,9.47
2025-01-23,9.2875
2025-01-24,8.685
2025-01-27,9.825
2025-01-28,9.5475
2025-01-29,9.3775
2025-01-30,9.8775
2025-01-31,9.57
2025-02-03,9.94
2025-02-04,9.5075
2025-02-05,10.1175
2025-02-06,10.3425
2025-02-07,10.5875
2025-02-10,10.255
2025-02-11,9.815
2025-02-12,9.85
2025-02-13,9.805
2025-02-14,9.5075
2025-02-17,9.4425
2025-02-18,9.3725
2025-02-19,9.285
2025-02-20,10.7275
2025-02-21,10.585
2025-02-24,10.78
2025-02-25,10.8825
2025-02-26,10.84
2025-02-27,10.4325
2025-02-28,10.7525
2025-03-03,11.0425
2025-03-04,11.5725
2025-03-05,11.4575
2025-03-06,11.9275
2025-03-07,11.69
2025-03-10,12.215
2025-03-11,11.8475
2025-03-12,11.02
2025-03-13,10.525
2025-03-14,10.1525
2025-03-17,10.115
2025-03-18,10.0925
2025-03-19,9.6875
2025-03-20,9.61
2025-03-21,9.595
2025-03-24,9.44
2025-03-25,9.365
2025-03-26,9.3225
2025-03-27,9.2275
2025-03-28,9.325
2025-03-31,10.265
2025-04-01,10.845
2025-04-02,10.655
2025-04-03,12.3375
2025-04-04,13.1525
2025-04-07,13.5725
2025-04-08,13.7075
2025-04-09,12.7125
2025-04-10,13.7175
2025-04-11,15.115
2025-04-14,13.9525
2025-04-15,13.6325
2025-04-16,14.1275
2025-04-17,12.745
2025-04-18,12.595
2025-04-21,13.435
2025-04-22,13.4425
2025-04-23,12.58
2025-04-24,11.865
2025-04-25,11.8675
2025-04-28,12.3275
2025-04-29,12.425
2025-04-30,12.245
2025-05-01,11.735
2025-05-02,11.975
2025-05-05,12.6125
2025-05-06,12.69
2025-05-07,12.1175
2025-05-08,11.415
2025-05-09,11.37
2025-05-12,10.47
2025-05-13,9.685
2025-05-14,10.605
2025-05-15,11.115
2025-05-16,10.85
2025-05-19,11.3625
2025-05-20,11.0825
2025-05-21,11.9425
2025-05-22,11.5925
2025-05-23,12.095
2025-05-26,12.325
2025-05-27,11.79
2025-05-28,11.175
2025-05-29,11.43
2025-05-30,11.2675
2025-06-02,12.0
2025-06-03,11.5875
2025-06-04,11.7975
2025-06-05,11.4925
2025-06-06,10.655
2025-06-09,10.53
2025-06-10,10.4375
2025-06-11,10.05
2025-06-12,10.4875
2025-06-13,10.705
2025-06-16,10.5225
2025-06-17,10.37
2025-06-18,10.0825
2025-06-19,9.825
2025-06-20,9.3425
2025-06-23,9.9725
2025-06-24,10.06
2025-06-25,9.8125
2025-06-26,10.0975
2025-06-27,9.905
2025-06-30,10.505
2025-07-01,10.865
2025-07-02,10.68
2025-07-03,10.105
2025-07-04,10.06
2025-07-07,10.6025
2025-07-08,10.675
2025-07-09,10.32
2025-07-10,9.7525
2025-07-11,9.945
2025-07-14,10.5925
2025-07-15,11.025
2025-07-16,10.94
2025-07-17,10.7375
2025-07-18,10.7275
2025-07-21,9.9725
2025-07-22,10.1025
2025-07-23,9.9425
2025-07-24,9.63
2025-07-25,9.6675
2025-07-28,9.52
2025-07-29,9.1925
2025-07-30,9.1425
2025-07-31,9.1375
2025-08-01,9.555
2025-08-04,9.98
2025-08-05,9.55
2025-08-06,9.515
2025-08-07,9.725
2025-08-08,9.27
2025-08-11,9.105
2025-08-12,8.8975
2025-08-13,8.9225
2025-08-14,8.9525
2025-08-15,8.7925
2025-08-18,8.56
2025-08-19,8.35
2025-08-20,8.7425
2025-08-21,8.9325
2025-08-22,8.975
2025-08-25,8.985
2025-08-26,9.12
2025-08-27,9.4425
2025-08-28,9.7
2025-08-29,9.42
2025-09-01,9.845
2025-09-02,9.915
2025-09-03,10.0475
2025-09-04,9.8525
2025-09-05,9.72
2025-09-08,9.815
2025-09-09,9.9025
2025-09-10,9.4625
2025-09-11,9.0875
2025-09-12,8.97
2025-09-15,9.0475
2025-09-16,9.7975
2025-09-17,9.41
2025-09-18,8.8175
2025-09-19,8.445
2025-09-22,8.5325
2025-09-23,8.4325
2025-09-24,8.4075
2025-09-25,8.3675
2025-09-26,8.3875
2025-09-29,9.3775
2025-09-30,9.415
2025-10-01,9.6275
2025-10-02,9.045
2025-10-03,8.6175
2025-10-06,8.8275
2025-10-07,9.46
2025-10-08,9.7075
2025-10-09,9.725
2025-10-10,10.17
2025-10-13,10.215
2025-10-14,10.1175
2025-10-15,9.8275
2025-10-16,9.635
2025-10-17,9.4975
2025-10-20,8.9275
2025-10-21,9.1475
2025-10-22,9.0375
2025-10-23,8.9275
2025-10-24,8.5975
2025-10-27,8.2225
2025-10-28,8.395
2025-10-29,8.755
2025-10-30,8.035
2025-10-31,7.815
2025-11-03,7.66
2025-11-04,8.04
2025-11-05,7.6525
2025-11-06,7.9875
2025-11-07,8.0875
2025-11-10,8.0625
2025-11-11,8.2825
2025-11-12,8.6725
2025-11-13,8.7675
2025-11-14,8.82
2025-11-17,8.955
2025-11-18,9.0875
2025-11-19,9.845
2025-11-20,10.365
2025-11-21,10.125
2025-11-24,10.105
2025-11-25,9.67
2025-11-26,9.5075
2025-11-27,9.1175
2025-11-28,9.16
2025-12-01,9.14
2025-12-02,8.75
2025-12-03,8.385
2025-12-04,8.2175
2025-12-05,8.0325
2025-12-08,8.23
2025-12-09,8.2375
2025-12-10,8.1375
2025-12-11,8.2425
2025-12-12,8.165
2025-12-15,8.445
2025-12-16,8.025
2025-12-17,7.6825
2025-12-18,7.5125
2025-12-19,7.4375
2025-12-22,7.9
2025-12-23,8.43
2025-12-24,8.4575
2025-12-25,8.6525
2025-12-26,8.515
2025-12-29,8.6225
2025-12-30,8.55
2025-12-31,8.3425
2026-01-01,8.415
2026-01-02,8.07
2026-01-05,8.1825
2026-01-06,7.925
2026-01-07,7.6575
2026-01-08,7.58
2026-01-09,8.0225
2026-01-12,8.1425
2026-01-13,8.7175
2026-01-14,8.9625
2026-01-15,8.6075
2026-01-16,8.3975
2026-01-19,8.615
2026-01-20,9.0975
2026-01-21,8.82
2026-01-22,9.0175
2026-01-23,9.8775
2026-01-26,10.295
2026-01-27,11.2
2026-01-28,10.1475
2026-01-29,10.325
2026-01-30,9.9225
2026-02-02,9.1
2026-02-03,8.895
2026-02-04,9.43
2026-02-05,10.015
2026-02-06,10.1125
2026-02-09,9.2175
2026-02-10,9.44
2026-02-11,10.275
2026-02-12,10.41
2026-02-13,9.8
2026-02-16,9.1225
2026-02-17,9.2825
2026-02-18,8.9625
2026-02-19,9.635
2026-02-20,9.43
2026-02-23,9.6625
2026-02-24,9.3575
2026-02-25,9.21
2026-02-26,8.8925
2026-02-27,8.8875
2026-03-02,9.6575
2026-03-03,9.9875
2026-03-04,9.61
2026-03-05,9.5625
2026-03-06,9.6075
2026-03-09,9.645
2026-03-10,8.9775
2026-03-11,9.57
2026-03-12,9.605
2026-03-13,9.93
2026-03-16,9.73
2026-03-17,9.255
2026-03-18,9.7225
2026-03-19,9.725
2026-03-20,9.885
2026-03-23,9.5575
2026-03-24,9.26
2026-03-25,9.105
2026-03-26,9.2725
2026-03-27,9.925
2026-03-30,9.89
2026-03-31,9.535
2026-04-01,9.1075
2026-04-02,9.0675
2026-04-03,8.8925
2026-04-06,8.77
2026-04-07,8.8525
2026-04-08,8.235
2026-04-09,7.885
2026-04-10,7.6875
2026-04-13,7.855
2026-04-14,7.85
2026-04-15,7.6625
2026-04-16,7.685
2026-04-17,7.985
2026-04-20,7.5825
2026-04-21,7.535
2026-04-22,7.2925
2026-04-23,7.4925
2026-04-24,7.3325
2026-04-27,7.34
2026-04-28,6.91
2026-04-29,7.435
2026-04-30,8.2575
2026-05-01,8.275
2026-05-04,8.1575
2026-05-05,7.555
2026-05-06,8.0175
2026-05-07,7.9075
2026-05-08,7.4675
2026-05-11,7.2225
2026-05-12,7.28
2026-05-13,7.07
2026-05-14,7.355
2026-05-15,7.5825
